Count,Initial values,Iteration-1,Iteration-2,Iteration-100000,Iteration-200000,Iteration-300000,Iteration-400000,Iteration-500000,Iteration-500001
0,0.00E+00,0.00E+00,0.00E+00,0.00E+00,0.00E+00,0.00E+00,0.00E+00,0.00E+00,0.00E+00
1,0.00E+00,0.00E+00,0.00E+00,0.00E+00,0.00E+00,0.00E+00,0.00E+00,0.00E+00,0.00E+00
2,0.00E+00,0.00E+00,0.00E+00,0.00E+00,0.00E+00,0.00E+00,0.00E+00,0.00E+00,0.00E+00
3,0.00E+00,0.00E+00,0.00E+00,0.00E+00,0.00E+00,0.00E+00,0.00E+00,0.00E+00,0.00E+00
4,0.00E+00,0.00E+00,0.00E+00,0.00E+00,0.00E+00,0.00E+00,0.00E+00,0.00E+00,0.00E+00
5,0.00E+00,0.00E+00,0.00E+00,0.00E+00,0.00E+00,0.00E+00,0.00E+00,0.00E+00,0.00E+00
6,0.00E+00,0.00E+00,0.00E+00,0.00E+00,0.00E+00,0.00E+00,0.00E+00,0.00E+00,0.00E+00
7,0.00E+00,0.00E+00,0.00E+00,0.00E+00,0.00E+00,0.00E+00,0.00E+00,0.00E+00,0.00E+00
8,0.00E+00,0.00E+00,0.00E+00,0.00E+00,0.00E+00,0.00E+00,0.00E+00,0.00E+00,0.00E+00
9,0.00E+00,0.00E+00,0.00E+00,0.00E+00,0.00E+00,0.00E+00,0.00E+00,0.00E+00,0.00E+00
10,0.00E+00,0.00E+00,0.00E+00,0.00E+00,0.00E+00,0.00E+00,0.00E+00,0.00E+00,0.00E+00
11,0.00E+00,0.00E+00,0.00E+00,0.00E+00,0.00E+00,0.00E+00,0.00E+00,0.00E+00,0.00E+00
12,0.00E+00,0.00E+00,0.00E+00,0.00E+00,0.00E+00,0.00E+00,0.00E+00,0.00E+00,0.00E+00
13,0.00E+00,0.00E+00,0.00E+00,0.00E+00,0.00E+00,0.00E+00,0.00E+00,0.00E+00,0.00E+00
14,0.00E+00,0.00E+00,0.00E+00,0.00E+00,0.00E+00,0.00E+00,0.00E+00,0.00E+00,0.00E+00
15,0.00E+00,0.00E+00,0.00E+00,0.00E+00,0.00E+00,0.00E+00,0.00E+00,0.00E+00,0.00E+00
16,0.00E+00,0.00E+00,0.00E+00,0.00E+00,0.00E+00,0.00E+00,0.00E+00,0.00E+00,0.00E+00
17,0.00E+00,0.00E+00,0.00E+00,0.00E+00,0.00E+00,0.00E+00,0.00E+00,0.00E+00,0.00E+00
18,0.00E+00,0.00E+00,0.00E+00,0.00E+00,0.00E+00,0.00E+00,0.00E+00,0.00E+00,0.00E+00
19,0.00E+00,0.00E+00,0.00E+00,0.00E+00,0.00E+00,0.00E+00,0.00E+00,0.00E+00,0.00E+00
20,0.00E+00,0.00E+00,0.00E+00,0.00E+00,0.00E+00,0.00E+00,0.00E+00,0.00E+00,0.00E+00
21,0.00E+00,0.00E+00,0.00E+00,0.00E+00,0.00E+00,0.00E+00,0.00E+00,0.00E+00,0.00E+00
22,0.00E+00,0.00E+00,0.00E+00,0.00E+00,0.00E+00,0.00E+00,0.00E+00,0.00E+00,0.00E+00
23,0.00E+00,0.00E+00,0.00E+00,0.00E+00,0.00E+00,0.00E+00,0.00E+00,0.00E+00,0.00E+00
24,0.00E+00,0.00E+00,0.00E+00,0.00E+00,0.00E+00,0.00E+00,0.00E+00,0.00E+00,0.00E+00
25,0.00E+00,0.00E+00,0.00E+00,0.00E+00,0.00E+00,0.00E+00,0.00E+00,0.00E+00,0.00E+00
26,0.00E+00,0.00E+00,0.00E+00,0.00E+00,0.00E+00,0.00E+00,0.00E+00,0.00E+00,0.00E+00
27,0.00E+00,0.00E+00,0.00E+00,0.00E+00,0.00E+00,0.00E+00,0.00E+00,0.00E+00,0.00E+00
28,0.00E+00,0.00E+00,0.00E+00,0.00E+00,0.00E+00,0.00E+00,0.00E+00,0.00E+00,0.00E+00
29,0.00E+00,0.00E+00,0.00E+00,0.00E+00,0.00E+00,0.00E+00,0.00E+00,0.00E+00,0.00E+00
30,0.00E+00,0.00E+00,0.00E+00,0.00E+00,0.00E+00,0.00E+00,0.00E+00,0.00E+00,0.00E+00
31,0.00E+00,0.00E+00,0.00E+00,0.00E+00,0.00E+00,0.00E+00,0.00E+00,0.00E+00,0.00E+00
32,0.00E+00,0.00E+00,0.00E+00,0.00E+00,0.00E+00,0.00E+00,0.00E+00,0.00E+00,0.00E+00
33,0.00E+00,0.00E+00,0.00E+00,0.00E+00,0.00E+00,0.00E+00,0.00E+00,0.00E+00,0.00E+00
34,0.00E+00,0.00E+00,0.00E+00,0.00E+00,0.00E+00,0.00E+00,0.00E+00,0.00E+00,0.00E+00
35,0.00E+00,0.00E+00,0.00E+00,0.00E+00,0.00E+00,0.00E+00,0.00E+00,0.00E+00,0.00E+00
36,0.00E+00,0.00E+00,0.00E+00,0.00E+00,0.00E+00,0.00E+00,0.00E+00,0.00E+00,0.00E+00
37,0.00E+00,0.00E+00,0.00E+00,0.00E+00,0.00E+00,0.00E+00,0.00E+00,0.00E+00,0.00E+00
38,0.00E+00,0.00E+00,0.00E+00,0.00E+00,0.00E+00,0.00E+00,0.00E+00,0.00E+00,0.00E+00
39,0.00E+00,0.00E+00,0.00E+00,0.00E+00,0.00E+00,0.00E+00,0.00E+00,0.00E+00,0.00E+00
40,0.00E+00,0.00E+00,0.00E+00,0.00E+00,0.00E+00,0.00E+00,0.00E+00,0.00E+00,0.00E+00
41,0.00E+00,0.00E+00,0.00E+00,0.00E+00,0.00E+00,0.00E+00,0.00E+00,0.00E+00,0.00E+00
42,0.00E+00,0.00E+00,0.00E+00,0.00E+00,0.00E+00,0.00E+00,0.00E+00,0.00E+00,0.00E+00
43,0.00E+00,0.00E+00,0.00E+00,0.00E+00,0.00E+00,0.00E+00,0.00E+00,0.00E+00,0.00E+00
44,0.00E+00,0.00E+00,0.00E+00,0.00E+00,0.00E+00,0.00E+00,0.00E+00,0.00E+00,0.00E+00
45,0.00E+00,0.00E+00,0.00E+00,0.00E+00,0.00E+00,0.00E+00,0.00E+00,0.00E+00,0.00E+00
46,0.00E+00,0.00E+00,0.00E+00,0.00E+00,0.00E+00,0.00E+00,0.00E+00,0.00E+00,0.00E+00
47,0.00E+00,0.00E+00,0.00E+00,0.00E+00,0.00E+00,0.00E+00,0.00E+00,0.00E+00,0.00E+00
48,0.00E+00,0.00E+00,0.00E+00,0.00E+00,0.00E+00,0.00E+00,0.00E+00,0.00E+00,0.00E+00
49,0.00E+00,0.00E+00,0.00E+00,0.00E+00,0.00E+00,0.00E+00,0.00E+00,0.00E+00,0.00E+00
50,0.00E+00,0.00E+00,0.00E+00,0.00E+00,0.00E+00,0.00E+00,0.00E+00,0.00E+00,0.00E+00
51,0.00E+00,0.00E+00,0.00E+00,0.00E+00,0.00E+00,0.00E+00,0.00E+00,0.00E+00,0.00E+00
52,0.00E+00,0.00E+00,0.00E+00,0.00E+00,0.00E+00,0.00E+00,0.00E+00,0.00E+00,0.00E+00
53,0.00E+00,0.00E+00,0.00E+00,0.00E+00,0.00E+00,0.00E+00,0.00E+00,0.00E+00,0.00E+00
54,0.00E+00,0.00E+00,0.00E+00,0.00E+00,0.00E+00,0.00E+00,0.00E+00,0.00E+00,0.00E+00
55,0.00E+00,0.00E+00,0.00E+00,0.00E+00,0.00E+00,0.00E+00,0.00E+00,0.00E+00,0.00E+00
56,0.00E+00,0.00E+00,0.00E+00,0.00E+00,0.00E+00,0.00E+00,0.00E+00,0.00E+00,0.00E+00
57,0.00E+00,0.00E+00,0.00E+00,0.00E+00,0.00E+00,0.00E+00,0.00E+00,0.00E+00,0.00E+00
58,0.00E+00,0.00E+00,0.00E+00,0.00E+00,0.00E+00,0.00E+00,0.00E+00,0.00E+00,0.00E+00
59,0.00E+00,0.00E+00,0.00E+00,0.00E+00,0.00E+00,0.00E+00,0.00E+00,0.00E+00,0.00E+00
60,0.00E+00,0.00E+00,0.00E+00,0.00E+00,0.00E+00,0.00E+00,0.00E+00,0.00E+00,0.00E+00
61,0.00E+00,0.00E+00,0.00E+00,0.00E+00,0.00E+00,0.00E+00,0.00E+00,0.00E+00,0.00E+00
62,0.00E+00,0.00E+00,0.00E+00,0.00E+00,0.00E+00,0.00E+00,0.00E+00,0.00E+00,0.00E+00
63,0.00E+00,0.00E+00,0.00E+00,0.00E+00,0.00E+00,0.00E+00,0.00E+00,0.00E+00,0.00E+00
64,0.00E+00,0.00E+00,0.00E+00,0.00E+00,0.00E+00,0.00E+00,0.00E+00,0.00E+00,0.00E+00
65,0.00E+00,0.00E+00,0.00E+00,0.00E+00,0.00E+00,0.00E+00,0.00E+00,0.00E+00,0.00E+00
66,0.00E+00,0.00E+00,0.00E+00,0.00E+00,0.00E+00,0.00E+00,0.00E+00,0.00E+00,0.00E+00
67,0.00E+00,0.00E+00,0.00E+00,0.00E+00,0.00E+00,0.00E+00,0.00E+00,0.00E+00,0.00E+00
68,0.00E+00,0.00E+00,0.00E+00,0.00E+00,0.00E+00,0.00E+00,0.00E+00,0.00E+00,0.00E+00
69,0.00E+00,0.00E+00,0.00E+00,0.00E+00,0.00E+00,0.00E+00,0.00E+00,0.00E+00,0.00E+00
70,0.00E+00,0.00E+00,0.00E+00,0.00E+00,0.00E+00,0.00E+00,0.00E+00,0.00E+00,0.00E+00
71,0.00E+00,0.00E+00,0.00E+00,0.00E+00,0.00E+00,0.00E+00,0.00E+00,0.00E+00,0.00E+00
72,0.00E+00,0.00E+00,0.00E+00,0.00E+00,0.00E+00,0.00E+00,0.00E+00,0.00E+00,0.00E+00
73,0.00E+00,0.00E+00,0.00E+00,0.00E+00,0.00E+00,0.00E+00,0.00E+00,0.00E+00,0.00E+00
74,0.00E+00,0.00E+00,0.00E+00,0.00E+00,0.00E+00,0.00E+00,0.00E+00,0.00E+00,0.00E+00
75,0.00E+00,0.00E+00,0.00E+00,0.00E+00,0.00E+00,0.00E+00,0.00E+00,0.00E+00,0.00E+00
76,0.00E+00,0.00E+00,0.00E+00,0.00E+00,0.00E+00,0.00E+00,0.00E+00,0.00E+00,0.00E+00
77,0.00E+00,0.00E+00,0.00E+00,0.00E+00,0.00E+00,0.00E+00,0.00E+00,0.00E+00,0.00E+00
78,0.00E+00,0.00E+00,0.00E+00,0.00E+00,0.00E+00,0.00E+00,0.00E+00,0.00E+00,0.00E+00
79,0.00E+00,0.00E+00,0.00E+00,0.00E+00,0.00E+00,0.00E+00,0.00E+00,0.00E+00,0.00E+00
80,0.00E+00,0.00E+00,0.00E+00,0.00E+00,0.00E+00,0.00E+00,0.00E+00,0.00E+00,0.00E+00
81,0.00E+00,0.00E+00,0.00E+00,0.00E+00,0.00E+00,0.00E+00,0.00E+00,0.00E+00,0.00E+00
82,0.00E+00,0.00E+00,0.00E+00,0.00E+00,0.00E+00,0.00E+00,0.00E+00,0.00E+00,0.00E+00
83,0.00E+00,0.00E+00,0.00E+00,0.00E+00,0.00E+00,0.00E+00,0.00E+00,0.00E+00,0.00E+00
84,0.00E+00,0.00E+00,0.00E+00,0.00E+00,0.00E+00,0.00E+00,0.00E+00,0.00E+00,0.00E+00
85,0.00E+00,0.00E+00,0.00E+00,0.00E+00,0.00E+00,0.00E+00,0.00E+00,0.00E+00,0.00E+00
86,0.00E+00,0.00E+00,0.00E+00,0.00E+00,0.00E+00,0.00E+00,0.00E+00,0.00E+00,0.00E+00
87,0.00E+00,0.00E+00,0.00E+00,0.00E+00,0.00E+00,0.00E+00,0.00E+00,0.00E+00,0.00E+00
88,0.00E+00,0.00E+00,0.00E+00,0.00E+00,0.00E+00,0.00E+00,0.00E+00,0.00E+00,0.00E+00
89,0.00E+00,0.00E+00,0.00E+00,0.00E+00,0.00E+00,0.00E+00,0.00E+00,0.00E+00,0.00E+00
90,0.00E+00,0.00E+00,0.00E+00,0.00E+00,0.00E+00,0.00E+00,0.00E+00,0.00E+00,0.00E+00
91,0.00E+00,0.00E+00,0.00E+00,0.00E+00,0.00E+00,0.00E+00,0.00E+00,0.00E+00,0.00E+00
92,0.00E+00,0.00E+00,0.00E+00,0.00E+00,0.00E+00,0.00E+00,0.00E+00,0.00E+00,0.00E+00
93,0.00E+00,0.00E+00,0.00E+00,0.00E+00,0.00E+00,0.00E+00,0.00E+00,0.00E+00,0.00E+00
94,0.00E+00,0.00E+00,0.00E+00,0.00E+00,0.00E+00,0.00E+00,0.00E+00,0.00E+00,0.00E+00
95,0.00E+00,0.00E+00,0.00E+00,0.00E+00,0.00E+00,0.00E+00,0.00E+00,0.00E+00,0.00E+00
96,0.00E+00,0.00E+00,0.00E+00,0.00E+00,0.00E+00,0.00E+00,0.00E+00,0.00E+00,0.00E+00
97,0.00E+00,0.00E+00,0.00E+00,0.00E+00,0.00E+00,0.00E+00,0.00E+00,0.00E+00,0.00E+00
98,0.00E+00,0.00E+00,0.00E+00,0.00E+00,0.00E+00,0.00E+00,0.00E+00,0.00E+00,0.00E+00
99,0.00E+00,0.00E+00,0.00E+00,0.00E+00,0.00E+00,0.00E+00,0.00E+00,0.00E+00,0.00E+00
100,0.00E+00,0.00E+00,0.00E+00,0.00E+00,0.00E+00,0.00E+00,0.00E+00,0.00E+00,0.00E+00
101,0.00E+00,0.00E+00,0.00E+00,0.00E+00,0.00E+00,0.00E+00,0.00E+00,0.00E+00,0.00E+00
102,0.00E+00,0.00E+00,0.00E+00,0.00E+00,0.00E+00,0.00E+00,0.00E+00,0.00E+00,0.00E+00
103,0.00E+00,0.00E+00,0.00E+00,0.00E+00,0.00E+00,0.00E+00,0.00E+00,0.00E+00,0.00E+00
104,0.00E+00,0.00E+00,0.00E+00,0.00E+00,0.00E+00,0.00E+00,0.00E+00,0.00E+00,0.00E+00
105,0.00E+00,0.00E+00,0.00E+00,0.00E+00,0.00E+00,0.00E+00,0.00E+00,0.00E+00,0.00E+00
106,0.00E+00,0.00E+00,0.00E+00,0.00E+00,0.00E+00,0.00E+00,0.00E+00,0.00E+00,0.00E+00
107,0.00E+00,0.00E+00,0.00E+00,0.00E+00,0.00E+00,0.00E+00,0.00E+00,0.00E+00,0.00E+00
108,0.00E+00,0.00E+00,0.00E+00,0.00E+00,0.00E+00,0.00E+00,0.00E+00,0.00E+00,0.00E+00
109,0.00E+00,0.00E+00,0.00E+00,0.00E+00,0.00E+00,0.00E+00,0.00E+00,0.00E+00,0.00E+00
110,0.00E+00,0.00E+00,0.00E+00,0.00E+00,0.00E+00,0.00E+00,0.00E+00,0.00E+00,0.00E+00
111,0.00E+00,0.00E+00,0.00E+00,0.00E+00,0.00E+00,0.00E+00,0.00E+00,0.00E+00,0.00E+00
112,0.00E+00,0.00E+00,0.00E+00,0.00E+00,0.00E+00,0.00E+00,0.00E+00,0.00E+00,0.00E+00
113,0.00E+00,0.00E+00,0.00E+00,0.00E+00,0.00E+00,0.00E+00,0.00E+00,0.00E+00,0.00E+00
114,0.00E+00,0.00E+00,0.00E+00,0.00E+00,0.00E+00,0.00E+00,0.00E+00,0.00E+00,0.00E+00
115,0.00E+00,0.00E+00,0.00E+00,0.00E+00,0.00E+00,0.00E+00,0.00E+00,0.00E+00,0.00E+00
116,0.00E+00,0.00E+00,0.00E+00,0.00E+00,0.00E+00,0.00E+00,0.00E+00,0.00E+00,0.00E+00
117,0.00E+00,0.00E+00,0.00E+00,0.00E+00,0.00E+00,0.00E+00,0.00E+00,0.00E+00,0.00E+00
118,0.00E+00,0.00E+00,0.00E+00,0.00E+00,0.00E+00,0.00E+00,0.00E+00,0.00E+00,0.00E+00
119,0.00E+00,0.00E+00,0.00E+00,0.00E+00,0.00E+00,0.00E+00,0.00E+00,0.00E+00,0.00E+00
120,0.00E+00,0.00E+00,0.00E+00,0.00E+00,0.00E+00,0.00E+00,0.00E+00,0.00E+00,0.00E+00
121,0.00E+00,0.00E+00,0.00E+00,0.00E+00,0.00E+00,0.00E+00,0.00E+00,0.00E+00,0.00E+00
122,0.00E+00,0.00E+00,0.00E+00,0.00E+00,0.00E+00,0.00E+00,0.00E+00,0.00E+00,0.00E+00
123,0.00E+00,0.00E+00,0.00E+00,0.00E+00,0.00E+00,0.00E+00,0.00E+00,0.00E+00,0.00E+00
124,0.00E+00,0.00E+00,0.00E+00,0.00E+00,0.00E+00,0.00E+00,0.00E+00,0.00E+00,0.00E+00
125,0.00E+00,0.00E+00,0.00E+00,0.00E+00,0.00E+00,0.00E+00,0.00E+00,0.00E+00,0.00E+00
126,0.00E+00,0.00E+00,0.00E+00,0.00E+00,0.00E+00,0.00E+00,0.00E+00,0.00E+00,0.00E+00
127,0.00E+00,0.00E+00,1.20E+02,1.20E+02,1.20E+02,1.20E+02,1.20E+02,1.20E+02,1.20E+02
128,0.00E+00,0.00E+00,1.20E+02,1.20E+02,1.20E+02,1.20E+02,1.20E+02,1.20E+02,1.20E+02
129,0.00E+00,0.00E+00,1.20E+02,1.47E+02,1.95E+02,2.48E+02,3.06E+02,3.67E+02,3.67E+02
130,0.00E+00,0.00E+00,1.20E+02,1.22E+02,1.45E+02,1.85E+02,2.36E+02,2.97E+02,2.97E+02
131,0.00E+00,0.00E+00,1.20E+02,1.20E+02,1.20E+02,1.20E+02,1.20E+02,1.20E+02,1.20E+02
132,0.00E+00,0.00E+00,1.20E+02,1.20E+02,1.20E+02,1.20E+02,1.20E+02,1.20E+02,1.20E+02
133,0.00E+00,0.00E+00,1.20E+02,1.20E+02,1.20E+02,1.20E+02,1.20E+02,1.20E+02,1.20E+02
134,0.00E+00,0.00E+00,1.20E+02,1.20E+02,1.20E+02,1.20E+02,1.20E+02,1.20E+02,1.20E+02
135,0.00E+00,0.00E+00,1.20E+02,1.20E+02,1.20E+02,1.20E+02,1.20E+02,1.20E+02,1.20E+02
136,0.00E+00,0.00E+00,1.20E+02,1.20E+02,1.20E+02,1.20E+02,1.20E+02,1.20E+02,1.20E+02
137,0.00E+00,0.00E+00,1.20E+02,1.20E+02,1.20E+02,1.20E+02,1.20E+02,1.20E+02,1.20E+02
138,0.00E+00,0.00E+00,1.20E+02,1.20E+02,1.20E+02,1.20E+02,1.20E+02,1.20E+02,1.20E+02
139,0.00E+00,0.00E+00,1.20E+02,1.20E+02,1.20E+02,1.20E+02,1.20E+02,1.20E+02,1.20E+02
140,0.00E+00,0.00E+00,1.20E+02,1.20E+02,1.20E+02,1.20E+02,1.20E+02,1.20E+02,1.20E+02
141,0.00E+00,0.00E+00,1.20E+02,1.20E+02,1.20E+02,1.20E+02,1.20E+02,1.20E+02,1.20E+02
142,0.00E+00,0.00E+00,1.20E+02,1.20E+02,1.20E+02,1.20E+02,1.20E+02,1.20E+02,1.20E+02
143,0.00E+00,0.00E+00,1.20E+02,1.20E+02,1.20E+02,1.20E+02,1.20E+02,1.20E+02,1.20E+02
144,0.00E+00,0.00E+00,1.20E+02,1.20E+02,1.20E+02,1.20E+02,1.20E+02,1.20E+02,1.20E+02
145,0.00E+00,0.00E+00,1.20E+02,1.20E+02,1.20E+02,1.21E+02,1.67E+02,2.60E+02,2.60E+02
146,0.00E+00,0.00E+00,1.20E+02,5.19E+02,1.07E+03,1.70E+03,2.37E+03,3.09E+03,3.09E+03
147,0.00E+00,0.00E+00,1.20E+02,1.09E+03,2.11E+03,3.18E+03,4.29E+03,5.42E+03,5.42E+03
148,0.00E+00,0.00E+00,1.20E+02,1.45E+03,2.72E+03,4.02E+03,5.36E+03,6.70E+03,6.70E+03
149,0.00E+00,0.00E+00,1.20E+02,1.62E+03,2.96E+03,4.32E+03,5.69E+03,7.07E+03,7.07E+03
150,0.00E+00,0.00E+00,1.20E+02,1.65E+03,2.93E+03,4.20E+03,5.49E+03,6.78E+03,6.78E+03
151,0.00E+00,0.00E+00,1.20E+02,1.59E+03,2.73E+03,3.85E+03,4.98E+03,6.10E+03,6.10E+03
152,0.00E+00,0.00E+00,1.20E+02,1.51E+03,2.47E+03,3.41E+03,4.35E+03,5.27E+03,5.27E+03
153,0.00E+00,0.00E+00,1.20E+02,1.43E+03,2.23E+03,3.00E+03,3.76E+03,4.49E+03,4.49E+03
154,0.00E+00,0.00E+00,1.20E+02,1.40E+03,2.09E+03,2.73E+03,3.35E+03,3.94E+03,3.94E+03
155,0.00E+00,0.00E+00,1.20E+02,1.45E+03,2.12E+03,2.71E+03,3.27E+03,3.80E+03,3.80E+03
156,0.00E+00,0.00E+00,1.20E+02,1.62E+03,2.37E+03,3.03E+03,3.64E+03,4.20E+03,4.20E+03
157,0.00E+00,0.00E+00,1.20E+02,1.91E+03,2.86E+03,3.71E+03,4.48E+03,5.21E+03,5.21E+03
158,0.00E+00,0.00E+00,1.20E+02,2.28E+03,3.55E+03,4.68E+03,5.73E+03,6.72E+03,6.72E+03
159,0.00E+00,0.00E+00,1.20E+02,2.68E+03,4.31E+03,5.79E+03,7.18E+03,8.49E+03,8.49E+03
160,0.00E+00,0.00E+00,1.20E+02,3.04E+03,5.02E+03,6.84E+03,8.55E+03,1.02E+04,1.02E+04
161,0.00E+00,0.00E+00,1.20E+02,3.27E+03,5.51E+03,7.60E+03,9.56E+03,1.15E+04,1.15E+04
162,0.00E+00,0.00E+00,1.20E+02,3.31E+03,5.68E+03,7.88E+03,9.98E+03,1.20E+04,1.20E+04
163,0.00E+00,0.00E+00,1.20E+02,3.12E+03,5.42E+03,7.57E+03,9.62E+03,1.16E+04,1.16E+04
164,0.00E+00,0.00E+00,1.20E+02,2.67E+03,4.69E+03,6.59E+03,8.40E+03,1.02E+04,1.02E+04
165,0.00E+00,0.00E+00,1.20E+02,1.99E+03,3.51E+03,4.96E+03,6.33E+03,7.66E+03,7.66E+03
166,0.00E+00,0.00E+00,1.20E+02,1.11E+03,1.96E+03,2.78E+03,3.56E+03,4.31E+03,4.31E+03
167,0.00E+00,0.00E+00,1.20E+02,1.28E+02,1.91E+02,2.64E+02,3.22E+02,3.76E+02,3.76E+02
168,0.00E+00,0.00E+00,1.20E+02,1.20E+02,1.20E+02,1.20E+02,1.20E+02,1.20E+02,1.20E+02
169,0.00E+00,0.00E+00,1.20E+02,1.20E+02,1.20E+02,1.20E+02,1.20E+02,1.20E+02,1.20E+02
170,0.00E+00,0.00E+00,1.20E+02,1.20E+02,1.20E+02,1.20E+02,1.20E+02,1.20E+02,1.20E+02
171,0.00E+00,0.00E+00,1.20E+02,1.20E+02,1.20E+02,1.20E+02,1.20E+02,1.20E+02,1.20E+02
172,0.00E+00,0.00E+00,1.20E+02,1.20E+02,1.20E+02,1.20E+02,1.20E+02,1.20E+02,1.20E+02
173,0.00E+00,0.00E+00,1.20E+02,1.20E+02,1.20E+02,1.20E+02,1.20E+02,1.20E+02,1.20E+02
174,0.00E+00,0.00E+00,1.20E+02,1.20E+02,1.20E+02,1.20E+02,1.20E+02,1.20E+02,1.20E+02
175,0.00E+00,0.00E+00,1.20E+02,1.20E+02,1.20E+02,1.20E+02,1.20E+02,1.20E+02,1.20E+02
176,0.00E+00,0.00E+00,1.20E+02,1.20E+02,1.20E+02,1.20E+02,1.20E+02,1.20E+02,1.20E+02
177,0.00E+00,0.00E+00,1.20E+02,1.20E+02,1.20E+02,1.20E+02,1.20E+02,1.20E+02,1.20E+02
178,0.00E+00,0.00E+00,1.20E+02,1.20E+02,1.20E+02,1.20E+02,1.20E+02,1.20E+02,1.20E+02
179,0.00E+00,0.00E+00,1.20E+02,1.20E+02,1.20E+02,1.20E+02,1.20E+02,1.20E+02,1.20E+02
180,0.00E+00,0.00E+00,1.20E+02,1.20E+02,1.20E+02,1.20E+02,1.20E+02,1.20E+02,1.20E+02
181,0.00E+00,0.00E+00,1.20E+02,1.20E+02,1.20E+02,1.20E+02,1.20E+02,1.20E+02,1.20E+02
182,0.00E+00,0.00E+00,1.20E+02,1.20E+02,1.20E+02,1.20E+02,1.20E+02,1.20E+02,1.20E+02
183,0.00E+00,0.00E+00,1.20E+02,1.20E+02,1.20E+02,1.20E+02,1.20E+02,1.20E+02,1.20E+02
184,0.00E+00,0.00E+00,1.20E+02,1.20E+02,1.20E+02,1.20E+02,1.20E+02,1.20E+02,1.20E+02
185,0.00E+00,0.00E+00,1.20E+02,1.20E+02,1.20E+02,1.20E+02,1.20E+02,1.20E+02,1.20E+02
186,0.00E+00,0.00E+00,1.20E+02,1.20E+02,1.20E+02,1.20E+02,1.20E+02,1.20E+02,1.20E+02
187,0.00E+00,0.00E+00,1.20E+02,1.20E+02,1.20E+02,1.20E+02,1.20E+02,1.20E+02,1.20E+02
188,0.00E+00,0.00E+00,1.20E+02,1.20E+02,1.20E+02,1.20E+02,1.20E+02,1.20E+02,1.20E+02
189,0.00E+00,0.00E+00,1.20E+02,1.20E+02,1.20E+02,1.20E+02,1.20E+02,1.20E+02,1.20E+02
190,0.00E+00,0.00E+00,1.20E+02,1.20E+02,1.20E+02,1.20E+02,1.20E+02,1.20E+02,1.20E+02
191,0.00E+00,0.00E+00,1.20E+02,1.20E+02,1.20E+02,1.20E+02,1.20E+02,1.20E+02,1.20E+02
192,0.00E+00,0.00E+00,1.20E+02,1.20E+02,1.20E+02,1.20E+02,1.20E+02,1.20E+02,1.20E+02
193,0.00E+00,0.00E+00,1.20E+02,1.20E+02,1.20E+02,1.20E+02,1.20E+02,1.20E+02,1.20E+02
194,0.00E+00,0.00E+00,1.20E+02,1.20E+02,1.20E+02,1.20E+02,1.20E+02,1.20E+02,1.20E+02
195,0.00E+00,0.00E+00,1.20E+02,1.20E+02,1.20E+02,1.20E+02,1.20E+02,1.20E+02,1.20E+02
196,0.00E+00,0.00E+00,1.20E+02,1.20E+02,1.20E+02,1.20E+02,1.20E+02,1.20E+02,1.20E+02
197,0.00E+00,0.00E+00,1.20E+02,1.20E+02,1.20E+02,1.20E+02,1.20E+02,1.20E+02,1.20E+02
198,0.00E+00,0.00E+00,1.20E+02,1.20E+02,1.20E+02,1.20E+02,1.20E+02,1.20E+02,1.20E+02
199,0.00E+00,0.00E+00,1.20E+02,1.20E+02,1.20E+02,1.20E+02,1.20E+02,1.20E+02,1.20E+02
200,0.00E+00,0.00E+00,1.20E+02,1.20E+02,1.20E+02,1.20E+02,1.20E+02,1.20E+02,1.20E+02
201,0.00E+00,0.00E+00,1.20E+02,1.20E+02,1.20E+02,1.20E+02,1.20E+02,1.20E+02,1.20E+02
202,0.00E+00,0.00E+00,1.20E+02,1.20E+02,1.20E+02,1.20E+02,1.20E+02,1.20E+02,1.20E+02
203,0.00E+00,0.00E+00,1.20E+02,1.20E+02,1.20E+02,1.20E+02,1.20E+02,1.20E+02,1.20E+02
204,0.00E+00,0.00E+00,1.20E+02,1.20E+02,1.20E+02,1.20E+02,1.20E+02,1.20E+02,1.20E+02
205,0.00E+00,0.00E+00,1.20E+02,1.20E+02,1.20E+02,1.20E+02,1.20E+02,1.20E+02,1.20E+02
206,0.00E+00,0.00E+00,1.20E+02,1.20E+02,1.20E+02,1.20E+02,1.20E+02,1.20E+02,1.20E+02
207,0.00E+00,0.00E+00,1.20E+02,1.20E+02,1.20E+02,1.20E+02,1.20E+02,1.20E+02,1.20E+02
208,0.00E+00,0.00E+00,1.20E+02,1.20E+02,1.20E+02,1.20E+02,1.20E+02,1.20E+02,1.20E+02
209,0.00E+00,0.00E+00,1.20E+02,1.20E+02,1.20E+02,1.20E+02,1.20E+02,1.20E+02,1.20E+02
210,0.00E+00,0.00E+00,1.20E+02,1.20E+02,1.20E+02,1.20E+02,1.20E+02,1.20E+02,1.20E+02
211,0.00E+00,0.00E+00,1.20E+02,1.20E+02,1.20E+02,1.20E+02,1.20E+02,1.20E+02,1.20E+02
212,0.00E+00,0.00E+00,1.20E+02,1.20E+02,1.20E+02,1.20E+02,1.20E+02,1.20E+02,1.20E+02
213,0.00E+00,0.00E+00,1.20E+02,1.20E+02,1.20E+02,1.20E+02,1.20E+02,1.20E+02,1.20E+02
214,0.00E+00,0.00E+00,1.20E+02,1.20E+02,1.20E+02,1.20E+02,1.20E+02,1.20E+02,1.20E+02
215,0.00E+00,0.00E+00,1.20E+02,1.20E+02,1.20E+02,1.20E+02,1.20E+02,1.20E+02,1.20E+02
216,0.00E+00,0.00E+00,1.20E+02,1.20E+02,1.20E+02,1.20E+02,1.20E+02,1.20E+02,1.20E+02
217,0.00E+00,0.00E+00,1.21E+02,1.20E+02,1.20E+02,1.20E+02,1.20E+02,1.20E+02,1.20E+02
218,0.00E+00,0.00E+00,1.29E+02,1.20E+02,1.20E+02,1.20E+02,1.20E+02,1.20E+02,1.20E+02
219,0.00E+00,0.00E+00,1.36E+02,1.20E+02,1.20E+02,1.20E+02,1.20E+02,1.20E+02,1.20E+02
220,0.00E+00,0.00E+00,1.44E+02,1.20E+02,1.20E+02,1.20E+02,1.20E+02,1.20E+02,1.20E+02
221,0.00E+00,0.00E+00,1.53E+02,1.20E+02,1.20E+02,1.20E+02,1.20E+02,1.20E+02,1.20E+02
222,0.00E+00,0.00E+00,1.61E+02,1.20E+02,1.20E+02,1.20E+02,1.20E+02,1.20E+02,1.20E+02
223,0.00E+00,0.00E+00,1.69E+02,1.20E+02,1.20E+02,1.20E+02,1.20E+02,1.20E+02,1.20E+02
224,0.00E+00,0.00E+00,1.78E+02,1.20E+02,1.20E+02,1.20E+02,1.20E+02,1.20E+02,1.20E+02
225,0.00E+00,0.00E+00,1.86E+02,1.20E+02,1.20E+02,1.20E+02,1.20E+02,1.20E+02,1.20E+02
226,0.00E+00,0.00E+00,1.94E+02,1.20E+02,1.20E+02,1.20E+02,1.20E+02,1.20E+02,1.20E+02
227,0.00E+00,0.00E+00,2.03E+02,1.20E+02,1.20E+02,1.20E+02,1.20E+02,1.20E+02,1.20E+02
228,0.00E+00,0.00E+00,2.11E+02,1.20E+02,1.20E+02,1.20E+02,1.20E+02,1.20E+02,1.20E+02
229,0.00E+00,0.00E+00,2.19E+02,1.20E+02,1.20E+02,1.20E+02,1.20E+02,1.20E+02,1.20E+02
230,0.00E+00,0.00E+00,2.27E+02,1.97E+03,1.20E+02,1.20E+02,1.20E+02,1.20E+02,1.20E+02
231,0.00E+00,0.00E+00,2.34E+02,7.45E+03,5.32E+03,3.44E+03,1.96E+03,8.90E+02,8.90E+02
232,0.00E+00,0.00E+00,2.42E+02,1.15E+04,1.20E+04,1.23E+04,1.28E+04,1.35E+04,1.35E+04
233,0.00E+00,0.00E+00,2.49E+02,1.40E+04,1.61E+04,1.77E+04,1.91E+04,2.07E+04,2.07E+04
234,0.00E+00,0.00E+00,2.56E+02,1.51E+04,1.76E+04,1.95E+04,2.11E+04,2.26E+04,2.26E+04
235,0.00E+00,0.00E+00,2.63E+02,1.47E+04,1.68E+04,1.81E+04,1.89E+04,1.96E+04,1.96E+04
236,0.00E+00,0.00E+00,2.69E+02,1.29E+04,1.38E+04,1.37E+04,1.31E+04,1.22E+04,1.22E+04
237,0.00E+00,0.00E+00,2.75E+02,1.00E+04,8.88E+03,6.86E+03,4.20E+03,1.34E+03,1.34E+03
238,0.00E+00,0.00E+00,2.81E+02,6.17E+03,2.60E+03,1.20E+02,1.20E+02,1.20E+02,1.20E+02
239,0.00E+00,0.00E+00,2.87E+02,1.70E+03,1.20E+02,1.20E+02,1.20E+02,1.20E+02,1.20E+02
240,0.00E+00,0.00E+00,2.92E+02,1.20E+02,1.20E+02,1.20E+02,1.20E+02,1.20E+02,1.20E+02
241,0.00E+00,0.00E+00,2.97E+02,1.20E+02,1.20E+02,1.20E+02,1.20E+02,1.20E+02,1.20E+02
242,0.00E+00,0.00E+00,3.02E+02,1.20E+02,1.20E+02,1.20E+02,1.20E+02,1.20E+02,1.20E+02
243,0.00E+00,0.00E+00,3.07E+02,1.20E+02,1.20E+02,1.20E+02,1.20E+02,1.20E+02,1.20E+02
244,0.00E+00,0.00E+00,3.11E+02,1.20E+02,1.20E+02,1.20E+02,1.20E+02,1.20E+02,1.20E+02
245,0.00E+00,0.00E+00,3.15E+02,1.20E+02,1.20E+02,1.20E+02,1.20E+02,1.20E+02,1.20E+02
246,0.00E+00,0.00E+00,3.19E+02,1.20E+02,1.20E+02,1.20E+02,1.20E+02,1.20E+02,1.20E+02
247,0.00E+00,0.00E+00,3.23E+02,1.20E+02,1.20E+02,1.20E+02,1.20E+02,1.20E+02,1.20E+02
248,0.00E+00,0.00E+00,3.27E+02,1.20E+02,1.20E+02,1.20E+02,1.20E+02,1.20E+02,1.20E+02
249,0.00E+00,0.00E+00,3.30E+02,1.20E+02,1.20E+02,1.20E+02,1.20E+02,1.20E+02,1.20E+02
250,0.00E+00,0.00E+00,3.33E+02,1.20E+02,1.20E+02,1.20E+02,1.20E+02,1.20E+02,1.20E+02
251,0.00E+00,0.00E+00,3.37E+02,1.20E+02,1.20E+02,1.20E+02,1.20E+02,1.20E+02,1.20E+02
252,0.00E+00,0.00E+00,3.40E+02,1.20E+02,1.20E+02,1.20E+02,1.20E+02,1.20E+02,1.20E+02
253,0.00E+00,0.00E+00,3.43E+02,1.20E+02,1.20E+02,1.20E+02,1.20E+02,1.20E+02,1.20E+02
254,0.00E+00,0.00E+00,3.45E+02,1.20E+02,1.20E+02,1.20E+02,1.20E+02,1.20E+02,1.20E+02
255,2.28E+03,2.28E+03,2.63E+03,1.20E+02,1.20E+02,1.20E+02,1.20E+02,1.20E+02,1.20E+02
256,2.27E+03,2.27E+03,2.62E+03,1.20E+02,1.20E+02,1.20E+02,1.20E+02,1.20E+02,1.20E+02
257,2.28E+03,2.28E+03,2.63E+03,1.20E+02,1.20E+02,1.20E+02,1.20E+02,1.20E+02,1.20E+02
258,2.31E+03,2.31E+03,2.67E+03,1.20E+02,1.20E+02,1.20E+02,1.20E+02,1.20E+02,1.20E+02
259,2.37E+03,2.37E+03,2.72E+03,1.20E+02,1.20E+02,1.20E+02,1.20E+02,1.20E+02,1.20E+02
260,2.44E+03,2.44E+03,2.80E+03,1.20E+02,1.20E+02,1.20E+02,1.20E+02,1.20E+02,1.20E+02
261,2.52E+03,2.52E+03,2.88E+03,1.20E+02,1.20E+02,1.20E+02,1.20E+02,1.20E+02,1.20E+02
262,2.60E+03,2.60E+03,2.96E+03,1.20E+02,1.20E+02,1.20E+02,1.20E+02,1.20E+02,1.20E+02
263,2.68E+03,2.68E+03,3.04E+03,1.20E+02,1.20E+02,1.20E+02,1.20E+02,1.20E+02,1.20E+02
264,2.74E+03,2.74E+03,3.12E+03,1.20E+02,1.20E+02,1.20E+02,1.20E+02,1.20E+02,1.20E+02
265,2.80E+03,2.80E+03,3.18E+03,1.20E+02,1.20E+02,1.20E+02,1.20E+02,1.20E+02,1.20E+02
266,2.85E+03,2.85E+03,3.22E+03,1.20E+02,1.20E+02,1.20E+02,1.20E+02,1.20E+02,1.20E+02
267,2.88E+03,2.88E+03,3.26E+03,1.20E+02,1.20E+02,1.20E+02,1.20E+02,1.20E+02,1.20E+02
268,2.91E+03,2.91E+03,3.29E+03,1.20E+02,1.20E+02,1.20E+02,1.20E+02,1.20E+02,1.20E+02
269,2.92E+03,2.92E+03,3.30E+03,1.20E+02,1.20E+02,1.20E+02,1.20E+02,1.20E+02,1.20E+02
270,2.93E+03,2.93E+03,3.31E+03,1.20E+02,1.20E+02,1.20E+02,1.20E+02,1.20E+02,1.20E+02
271,2.93E+03,2.93E+03,3.31E+03,1.20E+02,1.20E+02,1.20E+02,1.20E+02,1.20E+02,1.20E+02
272,2.92E+03,2.92E+03,3.31E+03,1.20E+02,1.20E+02,1.20E+02,1.20E+02,1.20E+02,1.20E+02
273,2.92E+03,2.92E+03,3.31E+03,1.20E+02,1.20E+02,1.20E+02,1.20E+02,1.20E+02,1.20E+02
274,2.91E+03,2.91E+03,3.30E+03,1.20E+02,1.20E+02,1.20E+02,1.20E+02,1.20E+02,1.20E+02
275,2.90E+03,2.90E+03,3.30E+03,1.20E+02,1.20E+02,1.20E+02,1.20E+02,1.20E+02,1.20E+02
276,2.90E+03,2.90E+03,3.29E+03,1.20E+02,1.20E+02,1.20E+02,1.20E+02,1.20E+02,1.20E+02
277,2.89E+03,2.89E+03,3.29E+03,1.20E+02,1.20E+02,1.20E+02,1.20E+02,1.20E+02,1.20E+02
278,2.89E+03,2.89E+03,3.29E+03,1.20E+02,1.20E+02,1.20E+02,1.20E+02,1.20E+02,1.20E+02
279,2.89E+03,2.89E+03,3.29E+03,1.20E+02,1.20E+02,1.20E+02,1.20E+02,1.20E+02,1.20E+02
280,2.89E+03,2.89E+03,3.29E+03,3.69E+02,1.20E+02,1.20E+02,1.20E+02,1.20E+02,1.20E+02
281,2.90E+03,2.90E+03,3.30E+03,2.50E+03,3.07E+03,2.40E+03,1.18E+03,1.20E+02,1.20E+02
282,2.90E+03,2.90E+03,3.30E+03,4.16E+03,5.66E+03,6.05E+03,5.96E+03,5.81E+03,5.81E+03
283,2.91E+03,2.91E+03,3.32E+03,5.29E+03,7.28E+03,8.30E+03,8.92E+03,9.49E+03,9.49E+03
284,2.93E+03,2.93E+03,3.33E+03,5.85E+03,7.87E+03,9.05E+03,9.93E+03,1.08E+04,1.08E+04
285,2.95E+03,2.95E+03,3.35E+03,5.85E+03,7.44E+03,8.33E+03,9.00E+03,9.63E+03,9.63E+03
286,2.97E+03,2.97E+03,3.37E+03,5.38E+03,6.12E+03,6.32E+03,6.37E+03,6.38E+03,6.38E+03
287,3.00E+03,3.00E+03,3.40E+03,4.54E+03,4.14E+03,3.32E+03,2.41E+03,1.48E+03,1.48E+03
288,3.03E+03,3.03E+03,3.43E+03,3.48E+03,1.76E+03,1.20E+02,1.20E+02,1.20E+02,1.20E+02
289,3.06E+03,3.06E+03,3.46E+03,2.39E+03,1.20E+02,1.20E+02,1.20E+02,1.20E+02,1.20E+02
290,3.10E+03,3.10E+03,3.50E+03,1.50E+03,1.20E+02,1.20E+02,1.20E+02,1.20E+02,1.20E+02
291,3.13E+03,3.13E+03,3.53E+03,1.00E+03,1.20E+02,1.20E+02,1.20E+02,1.20E+02,1.20E+02
292,3.17E+03,3.17E+03,3.57E+03,1.08E+03,1.20E+02,1.20E+02,1.20E+02,1.20E+02,1.20E+02
293,3.21E+03,3.21E+03,3.61E+03,1.85E+03,1.20E+02,1.20E+02,1.20E+02,1.20E+02,1.20E+02
294,3.25E+03,3.25E+03,3.64E+03,3.29E+03,1.20E+02,1.20E+02,1.20E+02,1.20E+02,1.20E+02
295,3.30E+03,3.30E+03,3.68E+03,5.28E+03,2.51E+03,1.20E+02,1.20E+02,1.20E+02,1.20E+02
296,3.34E+03,3.34E+03,3.72E+03,7.62E+03,6.51E+03,4.66E+03,2.36E+03,1.20E+02,1.20E+02
297,3.38E+03,3.38E+03,3.77E+03,1.01E+04,1.07E+04,1.04E+04,9.51E+03,8.42E+03,8.42E+03
298,3.43E+03,3.43E+03,3.81E+03,1.23E+04,1.45E+04,1.56E+04,1.60E+04,1.62E+04,1.62E+04
299,3.48E+03,3.48E+03,3.85E+03,1.42E+04,1.75E+04,1.96E+04,2.11E+04,2.23E+04,2.23E+04
300,3.52E+03,3.52E+03,3.89E+03,1.54E+04,1.94E+04,2.21E+04,2.40E+04,2.58E+04,2.58E+04
301,3.57E+03,3.57E+03,3.93E+03,1.59E+04,1.99E+04,2.26E+04,2.45E+04,2.64E+04,2.64E+04
302,3.62E+03,3.62E+03,3.97E+03,1.56E+04,1.90E+04,2.10E+04,2.24E+04,2.38E+04,2.38E+04
303,3.67E+03,3.67E+03,4.01E+03,1.45E+04,1.66E+04,1.75E+04,1.78E+04,1.83E+04,1.83E+04
304,3.71E+03,3.71E+03,4.06E+03,1.27E+04,1.31E+04,1.23E+04,1.11E+04,1.02E+04,1.02E+04
305,3.76E+03,3.76E+03,4.10E+03,1.03E+04,8.46E+03,5.67E+03,2.66E+03,1.40E+02,1.40E+02
306,3.81E+03,3.81E+03,4.13E+03,7.44E+03,3.08E+03,1.20E+02,1.20E+02,1.20E+02,1.20E+02
307,3.85E+03,3.85E+03,4.17E+03,4.20E+03,1.20E+02,1.20E+02,1.20E+02,1.20E+02,1.20E+02
308,3.90E+03,3.90E+03,4.21E+03,6.02E+02,1.20E+02,1.20E+02,1.20E+02,1.20E+02,1.20E+02
309,3.94E+03,3.94E+03,4.24E+03,1.20E+02,1.20E+02,1.20E+02,1.20E+02,1.20E+02,1.20E+02
310,3.98E+03,3.98E+03,4.28E+03,1.20E+02,1.20E+02,1.20E+02,1.20E+02,1.20E+02,1.20E+02
311,4.02E+03,4.02E+03,4.31E+03,1.20E+02,1.20E+02,1.20E+02,1.20E+02,1.20E+02,1.20E+02
312,4.06E+03,4.06E+03,4.35E+03,1.20E+02,1.20E+02,1.20E+02,1.20E+02,1.20E+02,1.20E+02
313,4.10E+03,4.10E+03,4.38E+03,1.20E+02,1.20E+02,1.20E+02,1.20E+02,1.20E+02,1.20E+02
314,4.14E+03,4.14E+03,4.41E+03,1.20E+02,1.20E+02,1.20E+02,1.20E+02,1.20E+02,1.20E+02
315,4.18E+03,4.18E+03,4.44E+03,1.20E+02,1.20E+02,1.20E+02,1.20E+02,1.20E+02,1.20E+02
316,4.22E+03,4.22E+03,4.47E+03,1.20E+02,1.20E+02,1.20E+02,1.20E+02,1.20E+02,1.20E+02
317,4.25E+03,4.25E+03,4.49E+03,1.20E+02,1.20E+02,1.20E+02,1.20E+02,1.20E+02,1.20E+02
318,4.28E+03,4.28E+03,4.52E+03,1.20E+02,1.20E+02,1.20E+02,1.20E+02,1.20E+02,1.20E+02
319,4.32E+03,4.32E+03,4.54E+03,1.20E+02,1.20E+02,1.20E+02,1.20E+02,1.20E+02,1.20E+02
320,4.35E+03,4.35E+03,4.57E+03,1.20E+02,1.20E+02,1.20E+02,1.20E+02,1.20E+02,1.20E+02
321,4.37E+03,4.37E+03,4.59E+03,1.20E+02,1.20E+02,1.20E+02,1.20E+02,1.20E+02,1.20E+02
322,4.40E+03,4.40E+03,4.61E+03,1.20E+02,1.20E+02,1.20E+02,1.20E+02,1.20E+02,1.20E+02
323,4.43E+03,4.43E+03,4.63E+03,1.20E+02,1.20E+02,1.20E+02,1.20E+02,1.20E+02,1.20E+02
324,4.45E+03,4.45E+03,4.65E+03,1.20E+02,1.20E+02,1.20E+02,1.20E+02,1.20E+02,1.20E+02
325,4.47E+03,4.47E+03,4.67E+03,1.20E+02,1.20E+02,1.20E+02,1.20E+02,1.20E+02,1.20E+02
326,4.49E+03,4.49E+03,4.68E+03,1.20E+02,1.20E+02,1.20E+02,1.20E+02,1.20E+02,1.20E+02
327,4.51E+03,4.51E+03,4.70E+03,1.20E+02,1.20E+02,1.20E+02,1.20E+02,1.20E+02,1.20E+02
328,4.53E+03,4.53E+03,4.71E+03,1.20E+02,1.20E+02,1.20E+02,1.20E+02,1.20E+02,1.20E+02
329,4.55E+03,4.55E+03,4.72E+03,1.20E+02,1.20E+02,1.20E+02,1.20E+02,1.20E+02,1.20E+02
330,4.57E+03,4.57E+03,4.74E+03,1.20E+02,1.20E+02,1.20E+02,1.20E+02,1.20E+02,1.20E+02
331,4.58E+03,4.58E+03,4.75E+03,1.20E+02,1.20E+02,1.20E+02,1.20E+02,1.20E+02,1.20E+02
332,4.60E+03,4.60E+03,4.76E+03,1.20E+02,1.20E+02,1.20E+02,1.20E+02,1.20E+02,1.20E+02
333,4.62E+03,4.62E+03,4.77E+03,1.20E+02,1.20E+02,1.20E+02,1.20E+02,1.20E+02,1.20E+02
334,4.63E+03,4.63E+03,4.78E+03,3.09E+03,1.20E+02,1.20E+02,1.20E+02,1.20E+02,1.20E+02
335,4.65E+03,4.65E+03,4.80E+03,7.42E+03,2.90E+03,1.20E+02,1.20E+02,1.20E+02,1.20E+02
336,4.66E+03,4.66E+03,4.81E+03,1.10E+04,9.26E+03,6.74E+03,4.10E+03,1.72E+03,1.72E+03
337,4.68E+03,4.68E+03,4.82E+03,1.37E+04,1.42E+04,1.37E+04,1.30E+04,1.25E+04,1.25E+04
338,4.70E+03,4.70E+03,4.84E+03,1.56E+04,1.76E+04,1.86E+04,1.92E+04,1.99E+04,1.99E+04
339,4.72E+03,4.72E+03,4.86E+03,1.66E+04,1.95E+04,2.14E+04,2.28E+04,2.42E+04,2.42E+04
340,4.74E+03,4.74E+03,4.87E+03,1.69E+04,2.01E+04,2.24E+04,2.41E+04,2.57E+04,2.57E+04
341,4.76E+03,4.76E+03,4.89E+03,1.64E+04,1.94E+04,2.16E+04,2.31E+04,2.46E+04,2.46E+04
342,4.78E+03,4.78E+03,4.90E+03,1.52E+04,1.76E+04,1.93E+04,2.03E+04,2.12E+04,2.12E+04
343,4.80E+03,4.80E+03,4.92E+03,1.34E+04,1.49E+04,1.56E+04,1.58E+04,1.58E+04,1.58E+04
344,4.82E+03,4.82E+03,4.94E+03,1.11E+04,1.13E+04,1.09E+04,9.95E+03,8.85E+03,8.85E+03
345,4.83E+03,4.83E+03,4.95E+03,8.56E+03,7.25E+03,5.48E+03,3.17E+03,7.83E+02,7.83E+02
346,4.85E+03,4.85E+03,4.97E+03,5.84E+03,2.90E+03,1.20E+02,1.20E+02,1.20E+02,1.20E+02
347,4.87E+03,4.87E+03,4.99E+03,3.16E+03,1.20E+02,1.20E+02,1.20E+02,1.20E+02,1.20E+02
348,4.90E+03,4.90E+03,5.01E+03,7.21E+02,1.20E+02,1.20E+02,1.20E+02,1.20E+02,1.20E+02
349,4.92E+03,4.92E+03,5.03E+03,1.20E+02,1.20E+02,1.20E+02,1.20E+02,1.20E+02,1.20E+02
350,4.94E+03,4.94E+03,5.05E+03,1.20E+02,1.20E+02,1.20E+02,1.20E+02,1.20E+02,1.20E+02
351,4.96E+03,4.96E+03,5.07E+03,1.20E+02,1.20E+02,1.20E+02,1.20E+02,1.20E+02,1.20E+02
352,4.99E+03,4.99E+03,5.09E+03,1.20E+02,1.20E+02,1.20E+02,1.20E+02,1.20E+02,1.20E+02
353,5.01E+03,5.01E+03,5.12E+03,1.20E+02,1.20E+02,1.20E+02,1.20E+02,1.20E+02,1.20E+02
354,5.04E+03,5.04E+03,5.14E+03,1.20E+02,1.20E+02,1.20E+02,1.20E+02,1.20E+02,1.20E+02
355,5.07E+03,5.07E+03,5.16E+03,1.20E+02,1.20E+02,1.20E+02,1.20E+02,1.20E+02,1.20E+02
356,5.09E+03,5.09E+03,5.19E+03,8.42E+02,1.20E+02,1.20E+02,1.20E+02,1.20E+02,1.20E+02
357,5.12E+03,5.12E+03,5.21E+03,2.42E+03,3.05E+02,1.20E+02,1.20E+02,1.20E+02,1.20E+02
358,5.14E+03,5.14E+03,5.23E+03,3.83E+03,2.89E+03,1.57E+03,1.20E+02,1.20E+02,1.20E+02
359,5.17E+03,5.17E+03,5.26E+03,4.95E+03,4.92E+03,4.46E+03,3.90E+03,3.19E+03,3.19E+03
360,5.19E+03,5.19E+03,5.28E+03,5.75E+03,6.31E+03,6.42E+03,6.46E+03,6.35E+03,6.35E+03
361,5.21E+03,5.21E+03,5.30E+03,6.21E+03,7.09E+03,7.50E+03,7.87E+03,8.08E+03,8.08E+03
362,5.24E+03,5.24E+03,5.32E+03,6.38E+03,7.36E+03,7.87E+03,8.35E+03,8.67E+03,8.67E+03
363,5.26E+03,5.26E+03,5.34E+03,6.34E+03,7.28E+03,7.76E+03,8.22E+03,8.52E+03,8.52E+03
364,5.28E+03,5.28E+03,5.36E+03,6.15E+03,6.99E+03,7.40E+03,7.78E+03,8.01E+03,8.01E+03
365,5.31E+03,5.31E+03,5.39E+03,5.87E+03,6.62E+03,6.96E+03,7.27E+03,7.43E+03,7.43E+03
366,5.33E+03,5.33E+03,5.41E+03,5.54E+03,6.23E+03,6.54E+03,6.80E+03,6.91E+03,6.91E+03
367,5.36E+03,5.36E+03,5.43E+03,5.19E+03,5.85E+03,6.16E+03,6.40E+03,6.50E+03,6.50E+03
368,5.38E+03,5.38E+03,5.46E+03,4.84E+03,5.49E+03,5.83E+03,6.06E+03,6.18E+03,6.18E+03
369,5.40E+03,5.40E+03,5.48E+03,4.50E+03,5.18E+03,5.55E+03,5.78E+03,5.91E+03,5.91E+03
370,5.43E+03,5.43E+03,5.50E+03,4.19E+03,4.89E+03,5.28E+03,5.49E+03,5.62E+03,5.62E+03
371,5.45E+03,5.45E+03,5.52E+03,3.90E+03,4.62E+03,4.98E+03,5.12E+03,5.21E+03,5.21E+03
372,5.47E+03,5.47E+03,5.54E+03,3.63E+03,4.30E+03,4.58E+03,4.58E+03,4.54E+03,4.54E+03
373,5.49E+03,5.49E+03,5.56E+03,3.35E+03,3.90E+03,3.99E+03,3.75E+03,3.49E+03,3.49E+03
374,5.51E+03,5.51E+03,5.58E+03,3.06E+03,3.37E+03,3.17E+03,2.56E+03,1.97E+03,1.97E+03
375,5.53E+03,5.53E+03,5.60E+03,2.74E+03,2.71E+03,2.08E+03,9.99E+02,1.20E+02,1.20E+02
376,5.55E+03,5.55E+03,5.62E+03,2.42E+03,1.92E+03,7.63E+02,1.20E+02,1.20E+02,1.20E+02
377,5.57E+03,5.57E+03,5.64E+03,2.12E+03,1.08E+03,1.20E+02,1.20E+02,1.20E+02,1.20E+02
378,5.59E+03,5.59E+03,5.66E+03,1.89E+03,2.65E+02,1.20E+02,1.20E+02,1.20E+02,1.20E+02
379,5.61E+03,5.61E+03,5.68E+03,1.78E+03,1.20E+02,1.20E+02,1.20E+02,1.20E+02,1.20E+02
380,5.63E+03,5.63E+03,5.70E+03,1.87E+03,1.20E+02,1.20E+02,1.20E+02,1.20E+02,1.20E+02
381,5.65E+03,5.65E+03,5.71E+03,2.21E+03,1.20E+02,1.20E+02,1.20E+02,1.20E+02,1.20E+02
382,5.67E+03,5.67E+03,5.73E+03,2.85E+03,1.20E+02,1.20E+02,1.20E+02,1.20E+02,1.20E+02
383,5.68E+03,5.68E+03,5.75E+03,3.62E+03,1.90E+02,1.20E+02,1.20E+02,1.20E+02,1.20E+02
384,5.70E+03,5.70E+03,5.77E+03,5.71E+03,3.29E+03,1.20E+02,1.20E+02,1.20E+02,1.20E+02
385,5.72E+03,5.72E+03,5.79E+03,8.65E+03,8.12E+03,6.42E+03,4.11E+03,1.73E+03,1.73E+03
386,5.74E+03,5.74E+03,5.81E+03,1.18E+04,1.35E+04,1.38E+04,1.36E+04,1.31E+04,1.31E+04
387,5.76E+03,5.76E+03,5.83E+03,1.47E+04,1.83E+04,2.04E+04,2.19E+04,2.32E+04,2.32E+04
388,5.78E+03,5.78E+03,5.85E+03,1.68E+04,2.17E+04,2.50E+04,2.77E+04,3.00E+04,3.00E+04
389,5.80E+03,5.80E+03,5.87E+03,1.80E+04,2.33E+04,2.71E+04,3.00E+04,3.26E+04,3.26E+04
390,5.82E+03,5.82E+03,5.89E+03,1.81E+04,2.31E+04,2.64E+04,2.89E+04,3.09E+04,3.09E+04
391,5.84E+03,5.84E+03,5.91E+03,1.73E+04,2.13E+04,2.34E+04,2.47E+04,2.54E+04,2.54E+04
392,5.86E+03,5.86E+03,5.93E+03,1.57E+04,1.80E+04,1.85E+04,1.81E+04,1.70E+04,1.70E+04
393,5.88E+03,5.88E+03,5.95E+03,1.35E+04,1.39E+04,1.23E+04,9.88E+03,6.74E+03,6.74E+03
394,5.90E+03,5.90E+03,5.98E+03,1.10E+04,9.28E+03,5.61E+03,1.04E+03,1.20E+02,1.20E+02
395,5.92E+03,5.92E+03,6.00E+03,8.40E+03,4.67E+03,1.20E+02,1.20E+02,1.20E+02,1.20E+02
396,5.94E+03,5.94E+03,6.02E+03,5.92E+03,4.05E+02,1.20E+02,1.20E+02,1.20E+02,1.20E+02
397,5.96E+03,5.96E+03,6.04E+03,3.70E+03,1.20E+02,1.20E+02,1.20E+02,1.20E+02,1.20E+02
398,5.98E+03,5.98E+03,6.06E+03,1.86E+03,1.20E+02,1.20E+02,1.20E+02,1.20E+02,1.20E+02
399,6.00E+03,6.00E+03,6.08E+03,4.27E+02,1.20E+02,1.20E+02,1.20E+02,1.20E+02,1.20E+02
400,6.02E+03,6.02E+03,6.10E+03,1.20E+02,1.20E+02,1.20E+02,1.20E+02,1.20E+02,1.20E+02
401,6.04E+03,6.04E+03,6.12E+03,1.20E+02,1.20E+02,1.20E+02,1.20E+02,1.20E+02,1.20E+02
402,6.06E+03,6.06E+03,6.14E+03,1.20E+02,1.20E+02,1.20E+02,1.20E+02,1.20E+02,1.20E+02
403,6.08E+03,6.08E+03,6.16E+03,1.20E+02,1.20E+02,1.20E+02,1.20E+02,1.20E+02,1.20E+02
404,6.10E+03,6.10E+03,6.18E+03,1.20E+02,1.20E+02,1.20E+02,1.20E+02,1.20E+02,1.20E+02
405,6.12E+03,6.12E+03,6.20E+03,1.20E+02,1.20E+02,1.20E+02,1.20E+02,1.20E+02,1.20E+02
406,6.14E+03,6.14E+03,6.22E+03,7.06E+02,1.20E+02,1.20E+02,1.20E+02,1.20E+02,1.20E+02
407,6.16E+03,6.16E+03,6.24E+03,1.63E+03,1.20E+02,1.20E+02,1.20E+02,1.20E+02,1.20E+02
408,6.18E+03,6.18E+03,6.26E+03,2.60E+03,1.53E+03,1.20E+02,1.20E+02,1.20E+02,1.20E+02
409,6.20E+03,6.20E+03,6.28E+03,3.56E+03,3.66E+03,2.56E+03,7.72E+02,1.20E+02,1.20E+02
410,6.22E+03,6.22E+03,6.30E+03,4.46E+03,5.52E+03,5.65E+03,5.24E+03,4.28E+03,4.28E+03
411,6.23E+03,6.23E+03,6.32E+03,5.24E+03,6.97E+03,8.04E+03,8.69E+03,8.89E+03,8.89E+03
412,6.25E+03,6.25E+03,6.34E+03,5.87E+03,7.96E+03,9.60E+03,1.09E+04,1.19E+04,1.19E+04
413,6.27E+03,6.27E+03,6.36E+03,6.34E+03,8.45E+03,1.03E+04,1.19E+04,1.33E+04,1.33E+04
414,6.29E+03,6.29E+03,6.38E+03,6.63E+03,8.46E+03,1.02E+04,1.17E+04,1.30E+04,1.30E+04
415,6.31E+03,6.31E+03,6.39E+03,6.77E+03,8.08E+03,9.34E+03,1.06E+04,1.15E+04,1.15E+04
416,6.33E+03,6.33E+03,6.41E+03,6.79E+03,7.40E+03,8.04E+03,8.69E+03,9.16E+03,9.16E+03
417,6.34E+03,6.34E+03,6.43E+03,6.74E+03,6.58E+03,6.51E+03,6.50E+03,6.37E+03,6.37E+03
418,6.36E+03,6.36E+03,6.45E+03,6.66E+03,5.75E+03,5.00E+03,4.36E+03,3.65E+03,3.65E+03
419,6.38E+03,6.38E+03,6.47E+03,6.61E+03,5.07E+03,3.74E+03,2.59E+03,1.43E+03,1.43E+03
420,6.39E+03,6.39E+03,6.48E+03,6.64E+03,4.63E+03,2.91E+03,1.44E+03,1.20E+02,1.20E+02
421,6.41E+03,6.41E+03,6.50E+03,6.76E+03,4.51E+03,2.61E+03,1.01E+03,1.20E+02,1.20E+02
422,6.42E+03,6.42E+03,6.52E+03,7.00E+03,4.74E+03,2.86E+03,1.35E+03,1.20E+02,1.20E+02
423,6.44E+03,6.44E+03,6.53E+03,7.36E+03,5.29E+03,3.65E+03,2.40E+03,1.35E+03,1.35E+03
424,6.45E+03,6.45E+03,6.55E+03,7.83E+03,6.14E+03,4.89E+03,4.03E+03,3.38E+03,3.38E+03
425,6.47E+03,6.47E+03,6.56E+03,8.38E+03,7.21E+03,6.45E+03,6.05E+03,5.86E+03,5.86E+03
426,6.48E+03,6.48E+03,6.58E+03,8.97E+03,8.43E+03,8.20E+03,8.28E+03,8.53E+03,8.53E+03
427,6.50E+03,6.50E+03,6.59E+03,9.58E+03,9.67E+03,9.98E+03,1.05E+04,1.11E+04,1.11E+04
428,6.51E+03,6.51E+03,6.61E+03,1.01E+04,1.08E+04,1.16E+04,1.25E+04,1.34E+04,1.34E+04
429,6.52E+03,6.52E+03,6.62E+03,1.06E+04,1.18E+04,1.30E+04,1.42E+04,1.53E+04,1.53E+04
430,6.53E+03,6.53E+03,6.63E+03,1.09E+04,1.26E+04,1.40E+04,1.53E+04,1.65E+04,1.65E+04
431,6.55E+03,6.55E+03,6.64E+03,1.10E+04,1.30E+04,1.46E+04,1.59E+04,1.70E+04,1.70E+04
432,6.56E+03,6.56E+03,6.66E+03,1.10E+04,1.30E+04,1.46E+04,1.59E+04,1.69E+04,1.69E+04
433,6.57E+03,6.57E+03,6.67E+03,1.07E+04,1.27E+04,1.42E+04,1.53E+04,1.61E+04,1.61E+04
434,6.58E+03,6.58E+03,6.68E+03,1.02E+04,1.21E+04,1.33E+04,1.41E+04,1.46E+04,1.46E+04
435,6.59E+03,6.59E+03,6.69E+03,9.55E+03,1.11E+04,1.20E+04,1.24E+04,1.26E+04,1.26E+04
436,6.60E+03,6.60E+03,6.70E+03,8.73E+03,9.84E+03,1.03E+04,1.04E+04,1.01E+04,1.01E+04
437,6.61E+03,6.61E+03,6.71E+03,7.79E+03,8.40E+03,8.46E+03,8.02E+03,7.30E+03,7.30E+03
438,6.62E+03,6.62E+03,6.72E+03,6.79E+03,6.88E+03,6.47E+03,5.57E+03,4.41E+03,4.41E+03
439,6.63E+03,6.63E+03,6.73E+03,5.78E+03,5.36E+03,4.50E+03,3.18E+03,1.60E+03,1.60E+03
440,6.64E+03,6.64E+03,6.74E+03,4.81E+03,3.93E+03,2.69E+03,9.93E+02,1.20E+02,1.20E+02
441,6.65E+03,6.65E+03,6.75E+03,3.92E+03,2.66E+03,1.12E+03,1.20E+02,1.20E+02,1.20E+02
442,6.66E+03,6.66E+03,6.76E+03,3.16E+03,1.63E+03,1.20E+02,1.20E+02,1.20E+02,1.20E+02
443,6.66E+03,6.66E+03,6.77E+03,2.55E+03,8.70E+02,1.20E+02,1.20E+02,1.20E+02,1.20E+02
444,6.67E+03,6.67E+03,6.78E+03,2.11E+03,4.11E+02,1.20E+02,1.20E+02,1.20E+02,1.20E+02
445,6.68E+03,6.68E+03,6.78E+03,1.85E+03,2.52E+02,1.20E+02,1.20E+02,1.20E+02,1.20E+02
446,6.68E+03,6.68E+03,6.79E+03,1.77E+03,3.78E+02,1.20E+02,1.20E+02,1.20E+02,1.20E+02
447,6.69E+03,6.69E+03,6.79E+03,1.87E+03,7.55E+02,1.20E+02,1.20E+02,1.20E+02,1.20E+02
448,6.69E+03,6.69E+03,6.80E+03,2.12E+03,1.34E+03,5.48E+02,1.20E+02,1.20E+02,1.20E+02
449,6.70E+03,6.70E+03,6.81E+03,2.51E+03,2.08E+03,1.63E+03,9.23E+02,1.20E+02,1.20E+02
450,6.70E+03,6.70E+03,6.81E+03,3.00E+03,2.91E+03,2.79E+03,2.44E+03,2.02E+03,2.02E+03
451,6.71E+03,6.71E+03,6.82E+03,3.57E+03,3.81E+03,3.95E+03,3.91E+03,3.82E+03,3.82E+03
452,6.71E+03,6.71E+03,6.82E+03,4.21E+03,4.72E+03,5.08E+03,5.27E+03,5.44E+03,5.44E+03
453,6.72E+03,6.72E+03,6.83E+03,4.89E+03,5.63E+03,6.15E+03,6.50E+03,6.83E+03,6.83E+03
454,6.72E+03,6.72E+03,6.83E+03,5.59E+03,6.51E+03,7.14E+03,7.59E+03,8.01E+03,8.01E+03
455,6.73E+03,6.73E+03,6.84E+03,6.31E+03,7.36E+03,8.05E+03,8.55E+03,8.99E+03,8.99E+03
456,6.73E+03,6.73E+03,6.84E+03,7.01E+03,8.16E+03,8.88E+03,9.39E+03,9.83E+03,9.83E+03
457,6.73E+03,6.73E+03,6.84E+03,7.69E+03,8.90E+03,9.63E+03,1.01E+04,1.05E+04,1.05E+04
458,6.74E+03,6.74E+03,6.85E+03,8.32E+03,9.55E+03,1.03E+04,1.08E+04,1.11E+04,1.11E+04
459,6.74E+03,6.74E+03,6.85E+03,8.88E+03,1.01E+04,1.08E+04,1.13E+04,1.16E+04,1.16E+04
460,6.74E+03,6.74E+03,6.86E+03,9.35E+03,1.05E+04,1.12E+04,1.16E+04,1.19E+04,1.19E+04
461,6.75E+03,6.75E+03,6.86E+03,9.72E+03,1.07E+04,1.13E+04,1.17E+04,1.19E+04,1.19E+04
462,6.75E+03,6.75E+03,6.86E+03,9.96E+03,1.08E+04,1.12E+04,1.15E+04,1.17E+04,1.17E+04
463,6.75E+03,6.75E+03,6.87E+03,1.01E+04,1.07E+04,1.09E+04,1.11E+04,1.11E+04,1.11E+04
464,6.76E+03,6.76E+03,6.87E+03,1.01E+04,1.03E+04,1.04E+04,1.04E+04,1.02E+04,1.02E+04
465,6.76E+03,6.76E+03,6.88E+03,9.92E+03,9.88E+03,9.71E+03,9.47E+03,9.19E+03,9.19E+03
466,6.77E+03,6.77E+03,6.88E+03,9.68E+03,9.30E+03,8.90E+03,8.47E+03,8.02E+03,8.02E+03
467,6.77E+03,6.77E+03,6.88E+03,9.37E+03,8.67E+03,8.06E+03,7.47E+03,6.88E+03,6.88E+03
468,6.77E+03,6.77E+03,6.89E+03,9.02E+03,8.05E+03,7.29E+03,6.59E+03,5.92E+03,5.92E+03
469,6.78E+03,6.78E+03,6.89E+03,8.65E+03,7.49E+03,6.66E+03,5.94E+03,5.26E+03,5.26E+03
470,6.78E+03,6.78E+03,6.90E+03,8.31E+03,7.06E+03,6.25E+03,5.59E+03,4.99E+03,4.99E+03
471,6.79E+03,6.79E+03,6.90E+03,8.03E+03,6.78E+03,6.08E+03,5.56E+03,5.13E+03,5.13E+03
472,6.79E+03,6.79E+03,6.90E+03,7.82E+03,6.68E+03,6.16E+03,5.84E+03,5.62E+03,5.62E+03
473,6.79E+03,6.79E+03,6.91E+03,7.69E+03,6.73E+03,6.43E+03,6.34E+03,6.36E+03,6.36E+03
474,6.80E+03,6.80E+03,6.91E+03,7.63E+03,6.91E+03,6.83E+03,6.97E+03,7.21E+03,7.21E+03
475,6.80E+03,6.80E+03,6.91E+03,7.64E+03,7.18E+03,7.31E+03,7.62E+03,8.04E+03,8.04E+03
476,6.80E+03,6.80E+03,6.92E+03,7.71E+03,7.51E+03,7.80E+03,8.23E+03,8.76E+03,8.76E+03
477,6.80E+03,6.80E+03,6.92E+03,7.82E+03,7.86E+03,8.26E+03,8.76E+03,9.32E+03,9.32E+03
478,6.80E+03,6.80E+03,6.92E+03,7.94E+03,8.22E+03,8.68E+03,9.18E+03,9.72E+03,9.72E+03
479,6.80E+03,6.80E+03,6.92E+03,8.08E+03,8.56E+03,9.06E+03,9.54E+03,1.00E+04,1.00E+04
480,6.80E+03,6.80E+03,6.92E+03,8.20E+03,8.87E+03,9.40E+03,9.84E+03,1.03E+04,1.03E+04
481,6.80E+03,6.80E+03,6.92E+03,8.29E+03,9.14E+03,9.69E+03,1.01E+04,1.05E+04,1.05E+04
482,6.80E+03,6.80E+03,6.92E+03,8.33E+03,9.35E+03,9.94E+03,1.04E+04,1.07E+04,1.07E+04
483,6.80E+03,6.80E+03,6.92E+03,8.31E+03,9.47E+03,1.01E+04,1.05E+04,1.09E+04,1.09E+04
484,6.80E+03,6.80E+03,6.92E+03,8.21E+03,9.47E+03,1.01E+04,1.06E+04,1.09E+04,1.09E+04
485,6.80E+03,6.80E+03,6.92E+03,8.00E+03,9.30E+03,9.95E+03,1.04E+04,1.06E+04,1.06E+04
486,6.80E+03,6.80E+03,6.92E+03,7.67E+03,8.93E+03,9.50E+03,9.80E+03,9.95E+03,9.95E+03
487,6.81E+03,6.81E+03,6.92E+03,7.20E+03,8.31E+03,8.70E+03,8.80E+03,8.72E+03,8.72E+03
488,6.81E+03,6.81E+03,6.92E+03,6.60E+03,7.43E+03,7.53E+03,7.30E+03,6.85E+03,6.85E+03
489,6.81E+03,6.81E+03,6.93E+03,5.89E+03,6.32E+03,6.00E+03,5.32E+03,4.37E+03,4.37E+03
490,6.81E+03,6.81E+03,6.93E+03,5.10E+03,5.03E+03,4.20E+03,2.98E+03,1.46E+03,1.46E+03
491,6.81E+03,6.81E+03,6.93E+03,4.26E+03,3.64E+03,2.26E+03,4.66E+02,1.20E+02,1.20E+02
492,6.81E+03,6.81E+03,6.93E+03,3.43E+03,2.26E+03,3.52E+02,1.20E+02,1.20E+02,1.20E+02
493,6.81E+03,6.81E+03,6.93E+03,2.66E+03,9.94E+02,1.20E+02,1.20E+02,1.20E+02,1.20E+02
494,6.81E+03,6.81E+03,6.93E+03,2.00E+03,1.20E+02,1.20E+02,1.20E+02,1.20E+02,1.20E+02
495,6.81E+03,6.81E+03,6.93E+03,1.50E+03,1.20E+02,1.20E+02,1.20E+02,1.20E+02,1.20E+02
496,6.81E+03,6.81E+03,6.92E+03,1.19E+03,1.20E+02,1.20E+02,1.20E+02,1.20E+02,1.20E+02
497,6.80E+03,6.80E+03,6.92E+03,1.10E+03,1.20E+02,1.20E+02,1.20E+02,1.20E+02,1.20E+02
498,6.80E+03,6.80E+03,6.92E+03,1.23E+03,1.20E+02,1.20E+02,1.20E+02,1.20E+02,1.20E+02
499,6.80E+03,6.80E+03,6.92E+03,1.60E+03,1.20E+02,1.20E+02,1.20E+02,1.20E+02,1.20E+02
500,6.80E+03,6.80E+03,6.91E+03,2.17E+03,9.40E+02,1.20E+02,1.20E+02,1.20E+02,1.20E+02
501,6.79E+03,6.79E+03,6.91E+03,2.94E+03,2.20E+03,1.61E+03,1.12E+03,6.66E+02,6.66E+02
502,6.79E+03,6.79E+03,6.91E+03,3.86E+03,3.62E+03,3.50E+03,3.50E+03,3.53E+03,3.53E+03
503,6.79E+03,6.79E+03,6.91E+03,4.89E+03,5.10E+03,5.36E+03,5.73E+03,6.11E+03,6.11E+03
504,6.78E+03,6.78E+03,6.90E+03,5.99E+03,6.57E+03,7.10E+03,7.68E+03,8.24E+03,8.24E+03
505,6.78E+03,6.78E+03,6.90E+03,7.11E+03,7.97E+03,8.63E+03,9.28E+03,9.88E+03,9.88E+03
506,6.77E+03,6.77E+03,6.89E+03,8.21E+03,9.24E+03,9.92E+03,1.05E+04,1.10E+04,1.10E+04
507,6.77E+03,6.77E+03,6.89E+03,9.25E+03,1.04E+04,1.10E+04,1.14E+04,1.18E+04,1.18E+04
508,6.76E+03,6.76E+03,6.88E+03,1.02E+04,1.13E+04,1.18E+04,1.20E+04,1.22E+04,1.22E+04
509,6.76E+03,6.76E+03,6.88E+03,1.10E+04,1.20E+04,1.23E+04,1.24E+04,1.24E+04,1.24E+04
510,6.75E+03,6.75E+03,6.87E+03,1.17E+04,1.26E+04,1.27E+04,1.26E+04,1.24E+04,1.24E+04
511,6.74E+03,6.74E+03,6.86E+03,1.22E+04,1.29E+04,1.29E+04,1.27E+04,1.23E+04,1.23E+04
512,6.74E+03,6.74E+03,6.86E+03,1.24E+04,1.30E+04,1.29E+04,1.26E+04,1.22E+04,1.22E+04
513,6.73E+03,6.73E+03,6.85E+03,1.25E+04,1.29E+04,1.27E+04,1.24E+04,1.20E+04,1.20E+04
514,6.72E+03,6.72E+03,6.84E+03,1.24E+04,1.26E+04,1.24E+04,1.20E+04,1.18E+04,1.18E+04
515,6.71E+03,6.71E+03,6.83E+03,1.21E+04,1.22E+04,1.19E+04,1.16E+04,1.14E+04,1.14E+04
516,6.70E+03,6.70E+03,6.83E+03,1.16E+04,1.15E+04,1.13E+04,1.11E+04,1.10E+04,1.10E+04
517,6.70E+03,6.70E+03,6.82E+03,1.10E+04,1.08E+04,1.06E+04,1.04E+04,1.04E+04,1.04E+04
518,6.69E+03,6.69E+03,6.81E+03,1.02E+04,9.90E+03,9.75E+03,9.72E+03,9.81E+03,9.81E+03
519,6.68E+03,6.68E+03,6.80E+03,9.37E+03,8.97E+03,8.87E+03,8.92E+03,9.08E+03,9.08E+03
520,6.67E+03,6.67E+03,6.79E+03,8.46E+03,8.00E+03,7.94E+03,8.05E+03,8.26E+03,8.26E+03
521,6.66E+03,6.66E+03,6.78E+03,7.52E+03,7.02E+03,7.00E+03,7.13E+03,7.36E+03,7.36E+03
522,6.65E+03,6.65E+03,6.77E+03,6.58E+03,6.06E+03,6.06E+03,6.21E+03,6.43E+03,6.43E+03
523,6.64E+03,6.64E+03,6.76E+03,5.68E+03,5.16E+03,5.17E+03,5.30E+03,5.49E+03,5.49E+03
524,6.63E+03,6.63E+03,6.75E+03,4.85E+03,4.35E+03,4.36E+03,4.45E+03,4.60E+03,4.60E+03
525,6.61E+03,6.61E+03,6.73E+03,4.11E+03,3.65E+03,3.64E+03,3.70E+03,3.80E+03,3.80E+03
526,6.60E+03,6.60E+03,6.72E+03,3.49E+03,3.09E+03,3.06E+03,3.07E+03,3.11E+03,3.11E+03
527,6.59E+03,6.59E+03,6.71E+03,3.00E+03,2.68E+03,2.63E+03,2.60E+03,2.57E+03,2.57E+03
528,6.58E+03,6.58E+03,6.70E+03,2.65E+03,2.43E+03,2.37E+03,2.30E+03,2.22E+03,2.22E+03
529,6.56E+03,6.56E+03,6.68E+03,2.44E+03,2.34E+03,2.29E+03,2.19E+03,2.07E+03,2.07E+03
530,6.55E+03,6.55E+03,6.67E+03,2.37E+03,2.40E+03,2.37E+03,2.26E+03,2.11E+03,2.11E+03
531,6.54E+03,6.54E+03,6.66E+03,2.45E+03,2.61E+03,2.61E+03,2.50E+03,2.34E+03,2.34E+03
532,6.52E+03,6.52E+03,6.64E+03,2.64E+03,2.93E+03,2.97E+03,2.88E+03,2.71E+03,2.71E+03
533,6.51E+03,6.51E+03,6.63E+03,2.94E+03,3.34E+03,3.43E+03,3.36E+03,3.20E+03,3.20E+03
534,6.49E+03,6.49E+03,6.61E+03,3.33E+03,3.82E+03,3.93E+03,3.89E+03,3.74E+03,3.74E+03
535,6.48E+03,6.48E+03,6.60E+03,3.78E+03,4.31E+03,4.45E+03,4.42E+03,4.29E+03,4.29E+03
536,6.46E+03,6.46E+03,6.58E+03,4.26E+03,4.80E+03,4.93E+03,4.92E+03,4.80E+03,4.80E+03
537,6.44E+03,6.44E+03,6.56E+03,4.75E+03,5.25E+03,5.34E+03,5.32E+03,5.22E+03,5.22E+03
538,6.42E+03,6.42E+03,6.55E+03,5.24E+03,5.62E+03,5.65E+03,5.59E+03,5.50E+03,5.50E+03
539,6.41E+03,6.41E+03,6.53E+03,5.71E+03,5.93E+03,5.85E+03,5.74E+03,5.64E+03,5.64E+03
540,6.39E+03,6.39E+03,6.51E+03,6.14E+03,6.17E+03,5.97E+03,5.80E+03,5.67E+03,5.67E+03
541,6.37E+03,6.37E+03,6.49E+03,6.55E+03,6.37E+03,6.05E+03,5.81E+03,5.65E+03,5.65E+03
542,6.35E+03,6.35E+03,6.48E+03,6.92E+03,6.55E+03,6.13E+03,5.84E+03,5.66E+03,5.66E+03
543,6.34E+03,6.34E+03,6.46E+03,7.27E+03,6.75E+03,6.27E+03,5.96E+03,5.78E+03,5.78E+03
544,6.32E+03,6.32E+03,6.44E+03,7.60E+03,6.99E+03,6.52E+03,6.22E+03,6.08E+03,6.08E+03
545,6.30E+03,6.30E+03,6.42E+03,7.93E+03,7.30E+03,6.90E+03,6.67E+03,6.58E+03,6.58E+03
546,6.28E+03,6.28E+03,6.40E+03,8.25E+03,7.70E+03,7.43E+03,7.32E+03,7.32E+03,7.32E+03
547,6.27E+03,6.27E+03,6.39E+03,8.58E+03,8.18E+03,8.11E+03,8.15E+03,8.26E+03,8.26E+03
548,6.25E+03,6.25E+03,6.37E+03,8.89E+03,8.73E+03,8.90E+03,9.12E+03,9.35E+03,9.35E+03
549,6.23E+03,6.23E+03,6.35E+03,9.19E+03,9.31E+03,9.73E+03,1.01E+04,1.05E+04,1.05E+04
550,6.21E+03,6.21E+03,6.33E+03,9.45E+03,9.85E+03,1.05E+04,1.11E+04,1.15E+04,1.15E+04
551,6.19E+03,6.19E+03,6.31E+03,9.63E+03,1.03E+04,1.12E+04,1.18E+04,1.24E+04,1.24E+04
552,6.17E+03,6.17E+03,6.29E+03,9.72E+03,1.06E+04,1.15E+04,1.23E+04,1.28E+04,1.28E+04
553,6.15E+03,6.15E+03,6.27E+03,9.69E+03,1.06E+04,1.16E+04,1.23E+04,1.28E+04,1.28E+04
554,6.13E+03,6.13E+03,6.25E+03,9.54E+03,1.04E+04,1.13E+04,1.18E+04,1.21E+04,1.21E+04
555,6.11E+03,6.11E+03,6.23E+03,9.25E+03,1.00E+04,1.06E+04,1.09E+04,1.10E+04,1.10E+04
556,6.09E+03,6.09E+03,6.21E+03,8.87E+03,9.38E+03,9.63E+03,9.61E+03,9.45E+03,9.45E+03
557,6.07E+03,6.07E+03,6.19E+03,8.44E+03,8.66E+03,8.55E+03,8.22E+03,7.78E+03,7.78E+03
558,6.05E+03,6.05E+03,6.17E+03,8.02E+03,7.98E+03,7.57E+03,6.98E+03,6.34E+03,6.34E+03
559,6.03E+03,6.03E+03,6.15E+03,7.72E+03,7.52E+03,6.95E+03,6.26E+03,5.56E+03,5.56E+03
560,6.01E+03,6.01E+03,6.13E+03,7.62E+03,7.48E+03,6.97E+03,6.40E+03,5.86E+03,5.86E+03
561,5.99E+03,5.99E+03,6.11E+03,7.56E+03,7.53E+03,7.18E+03,6.82E+03,6.52E+03,6.52E+03
562,5.97E+03,5.97E+03,6.09E+03,7.53E+03,7.66E+03,7.53E+03,7.43E+03,7.43E+03,7.43E+03
563,5.94E+03,5.94E+03,6.07E+03,7.49E+03,7.79E+03,7.89E+03,8.06E+03,8.35E+03,8.35E+03
564,5.92E+03,5.92E+03,6.05E+03,7.40E+03,7.83E+03,8.13E+03,8.53E+03,9.04E+03,9.04E+03
565,5.90E+03,5.90E+03,6.02E+03,7.21E+03,7.69E+03,8.10E+03,8.62E+03,9.25E+03,9.25E+03
566,5.88E+03,5.88E+03,6.00E+03,6.88E+03,7.29E+03,7.70E+03,8.21E+03,8.80E+03,8.80E+03
567,5.86E+03,5.86E+03,5.98E+03,6.40E+03,6.61E+03,6.89E+03,7.25E+03,7.67E+03,7.67E+03
568,5.84E+03,5.84E+03,5.96E+03,5.77E+03,5.70E+03,5.74E+03,5.84E+03,5.97E+03,5.97E+03
569,5.82E+03,5.82E+03,5.94E+03,5.06E+03,4.63E+03,4.37E+03,4.15E+03,3.94E+03,3.94E+03
570,5.80E+03,5.80E+03,5.92E+03,4.31E+03,3.52E+03,2.97E+03,2.43E+03,1.88E+03,1.88E+03
571,5.77E+03,5.77E+03,5.90E+03,3.59E+03,2.51E+03,1.72E+03,9.24E+02,1.20E+02,1.20E+02
572,5.75E+03,5.75E+03,5.87E+03,2.96E+03,1.69E+03,7.69E+02,1.20E+02,1.20E+02,1.20E+02
573,5.73E+03,5.73E+03,5.85E+03,2.45E+03,1.13E+03,2.12E+02,1.20E+02,1.20E+02,1.20E+02
574,5.71E+03,5.71E+03,5.83E+03,2.11E+03,8.78E+02,1.20E+02,1.20E+02,1.20E+02,1.20E+02
575,5.68E+03,5.68E+03,5.81E+03,1.92E+03,9.16E+02,3.62E+02,1.20E+02,1.20E+02,1.20E+02
576,5.66E+03,5.66E+03,5.79E+03,1.89E+03,1.21E+03,9.67E+02,6.19E+02,1.98E+02,1.98E+02
577,5.64E+03,5.64E+03,5.76E+03,1.99E+03,1.69E+03,1.79E+03,1.75E+03,1.61E+03,1.61E+03
578,5.62E+03,5.62E+03,5.74E+03,2.19E+03,2.30E+03,2.72E+03,2.95E+03,3.06E+03,3.06E+03
579,5.59E+03,5.59E+03,5.72E+03,2.47E+03,2.95E+03,3.65E+03,4.11E+03,4.41E+03,4.41E+03
580,5.57E+03,5.57E+03,5.70E+03,2.80E+03,3.62E+03,4.53E+03,5.14E+03,5.58E+03,5.58E+03
581,5.55E+03,5.55E+03,5.67E+03,3.17E+03,4.25E+03,5.29E+03,5.99E+03,6.49E+03,6.49E+03
582,5.52E+03,5.52E+03,5.65E+03,3.55E+03,4.79E+03,5.86E+03,6.57E+03,7.08E+03,7.08E+03
583,5.50E+03,5.50E+03,5.63E+03,3.88E+03,5.17E+03,6.16E+03,6.80E+03,7.23E+03,7.23E+03
584,5.47E+03,5.47E+03,5.60E+03,4.14E+03,5.32E+03,6.12E+03,6.60E+03,6.89E+03,6.89E+03
585,5.45E+03,5.45E+03,5.58E+03,4.31E+03,5.25E+03,5.75E+03,5.99E+03,6.09E+03,6.09E+03
586,5.42E+03,5.42E+03,5.55E+03,4.42E+03,5.00E+03,5.14E+03,5.10E+03,4.99E+03,4.99E+03
587,5.40E+03,5.40E+03,5.53E+03,4.48E+03,4.66E+03,4.43E+03,4.11E+03,3.78E+03,3.78E+03
588,5.37E+03,5.37E+03,5.50E+03,4.55E+03,4.32E+03,3.74E+03,3.19E+03,2.70E+03,2.70E+03
589,5.35E+03,5.35E+03,5.48E+03,4.66E+03,4.06E+03,3.21E+03,2.48E+03,1.89E+03,1.89E+03
590,5.32E+03,5.32E+03,5.46E+03,4.82E+03,3.93E+03,2.89E+03,2.08E+03,1.46E+03,1.46E+03
591,5.30E+03,5.30E+03,5.43E+03,5.03E+03,3.95E+03,2.83E+03,2.03E+03,1.44E+03,1.44E+03
592,5.27E+03,5.27E+03,5.41E+03,5.31E+03,4.13E+03,3.02E+03,2.29E+03,1.80E+03,1.80E+03
593,5.25E+03,5.25E+03,5.38E+03,5.64E+03,4.44E+03,3.44E+03,2.84E+03,2.48E+03,2.48E+03
594,5.22E+03,5.22E+03,5.36E+03,5.99E+03,4.87E+03,4.03E+03,3.59E+03,3.37E+03,3.37E+03
595,5.20E+03,5.20E+03,5.33E+03,6.36E+03,5.36E+03,4.72E+03,4.46E+03,4.37E+03,4.37E+03
596,5.17E+03,5.17E+03,5.31E+03,6.71E+03,5.89E+03,5.46E+03,5.38E+03,5.42E+03,5.42E+03
597,5.14E+03,5.14E+03,5.28E+03,7.03E+03,6.43E+03,6.24E+03,6.34E+03,6.50E+03,6.50E+03
598,5.11E+03,5.11E+03,5.25E+03,7.33E+03,6.98E+03,7.05E+03,7.33E+03,7.60E+03,7.60E+03
599,5.08E+03,5.08E+03,5.22E+03,7.58E+03,7.51E+03,7.83E+03,8.28E+03,8.67E+03,8.67E+03
600,5.05E+03,5.05E+03,5.19E+03,7.77E+03,7.97E+03,8.52E+03,9.13E+03,9.63E+03,9.63E+03
601,5.02E+03,5.02E+03,5.17E+03,7.88E+03,8.34E+03,9.09E+03,9.82E+03,1.04E+04,1.04E+04
602,4.99E+03,4.99E+03,5.14E+03,7.91E+03,8.60E+03,9.50E+03,1.03E+04,1.10E+04,1.10E+04
603,4.96E+03,4.96E+03,5.11E+03,7.86E+03,8.75E+03,9.76E+03,1.06E+04,1.13E+04,1.13E+04
604,4.93E+03,4.93E+03,5.08E+03,7.73E+03,8.79E+03,9.86E+03,1.07E+04,1.14E+04,1.14E+04
605,4.90E+03,4.90E+03,5.05E+03,7.52E+03,8.69E+03,9.75E+03,1.05E+04,1.12E+04,1.12E+04
606,4.87E+03,4.87E+03,5.02E+03,7.21E+03,8.42E+03,9.39E+03,1.01E+04,1.05E+04,1.05E+04
607,4.84E+03,4.84E+03,4.99E+03,6.81E+03,7.97E+03,8.76E+03,9.20E+03,9.45E+03,9.45E+03
608,4.81E+03,4.81E+03,4.96E+03,6.33E+03,7.35E+03,7.87E+03,7.99E+03,7.92E+03,7.92E+03
609,4.78E+03,4.78E+03,4.93E+03,5.78E+03,6.58E+03,6.76E+03,6.48E+03,6.01E+03,6.01E+03
610,4.75E+03,4.75E+03,4.90E+03,5.21E+03,5.74E+03,5.51E+03,4.79E+03,3.86E+03,3.86E+03
611,4.72E+03,4.72E+03,4.87E+03,4.65E+03,4.86E+03,4.19E+03,3.00E+03,1.57E+03,1.57E+03
612,4.68E+03,4.68E+03,4.84E+03,4.08E+03,3.95E+03,2.81E+03,1.12E+03,1.20E+02,1.20E+02
613,4.65E+03,4.65E+03,4.81E+03,3.51E+03,2.97E+03,1.34E+03,1.20E+02,1.20E+02,1.20E+02
614,4.62E+03,4.62E+03,4.77E+03,2.91E+03,1.89E+03,1.20E+02,1.20E+02,1.20E+02,1.20E+02
615,4.58E+03,4.58E+03,4.74E+03,2.27E+03,7.05E+02,1.20E+02,1.20E+02,1.20E+02,1.20E+02
616,4.55E+03,4.55E+03,4.71E+03,1.61E+03,1.20E+02,1.20E+02,1.20E+02,1.20E+02,1.20E+02
617,4.51E+03,4.51E+03,4.67E+03,9.72E+02,1.20E+02,1.20E+02,1.20E+02,1.20E+02,1.20E+02
618,4.47E+03,4.47E+03,4.64E+03,4.13E+02,1.20E+02,1.20E+02,1.20E+02,1.20E+02,1.20E+02
619,4.43E+03,4.43E+03,4.60E+03,1.20E+02,1.20E+02,1.20E+02,1.20E+02,1.20E+02,1.20E+02
620,4.40E+03,4.40E+03,4.56E+03,1.20E+02,1.20E+02,1.20E+02,1.20E+02,1.20E+02,1.20E+02
621,4.36E+03,4.36E+03,4.53E+03,1.20E+02,1.20E+02,1.20E+02,1.20E+02,1.20E+02,1.20E+02
622,4.32E+03,4.32E+03,4.49E+03,2.29E+02,1.20E+02,1.20E+02,1.20E+02,1.20E+02,1.20E+02
623,4.28E+03,4.28E+03,4.45E+03,8.35E+02,1.20E+02,1.20E+02,1.20E+02,1.20E+02,1.20E+02
624,4.24E+03,4.24E+03,4.41E+03,1.64E+03,1.20E+02,1.20E+02,1.20E+02,1.20E+02,1.20E+02
625,4.20E+03,4.20E+03,4.38E+03,2.56E+03,1.27E+03,1.20E+02,1.20E+02,1.20E+02,1.20E+02
626,4.16E+03,4.16E+03,4.34E+03,3.48E+03,2.99E+03,2.28E+03,1.33E+03,2.69E+02,2.69E+02
627,4.12E+03,4.12E+03,4.30E+03,4.31E+03,4.50E+03,4.52E+03,4.31E+03,3.97E+03,3.97E+03
628,4.08E+03,4.08E+03,4.26E+03,5.00E+03,5.67E+03,6.22E+03,6.53E+03,6.71E+03,6.71E+03
629,4.04E+03,4.04E+03,4.22E+03,5.50E+03,6.44E+03,7.28E+03,7.89E+03,8.36E+03,8.36E+03
630,4.00E+03,4.00E+03,4.19E+03,5.83E+03,6.84E+03,7.74E+03,8.42E+03,8.98E+03,8.98E+03
631,3.96E+03,3.96E+03,4.15E+03,6.04E+03,6.94E+03,7.73E+03,8.30E+03,8.78E+03,8.78E+03
632,3.92E+03,3.92E+03,4.11E+03,6.18E+03,6.87E+03,7.42E+03,7.78E+03,8.07E+03,8.07E+03
633,3.88E+03,3.88E+03,4.07E+03,6.33E+03,6.78E+03,7.05E+03,7.15E+03,7.21E+03,7.21E+03
634,3.84E+03,3.84E+03,4.03E+03,6.54E+03,6.80E+03,6.83E+03,6.69E+03,6.54E+03,6.54E+03
635,3.80E+03,3.80E+03,3.99E+03,6.87E+03,7.03E+03,6.90E+03,6.62E+03,6.34E+03,6.34E+03
636,3.75E+03,3.75E+03,3.95E+03,7.32E+03,7.49E+03,7.32E+03,7.01E+03,6.70E+03,6.70E+03
637,3.71E+03,3.71E+03,3.91E+03,7.86E+03,8.16E+03,8.05E+03,7.81E+03,7.57E+03,7.57E+03
638,3.67E+03,3.67E+03,3.87E+03,8.42E+03,8.92E+03,8.97E+03,8.88E+03,8.79E+03,8.79E+03
639,3.63E+03,3.63E+03,3.82E+03,8.94E+03,9.67E+03,9.90E+03,1.00E+04,1.01E+04,1.01E+04
640,3.58E+03,3.58E+03,3.78E+03,9.32E+03,1.02E+04,1.07E+04,1.10E+04,1.12E+04,1.12E+04
641,3.54E+03,3.54E+03,3.74E+03,9.50E+03,1.05E+04,1.11E+04,1.15E+04,1.19E+04,1.19E+04
642,3.50E+03,3.50E+03,3.70E+03,9.41E+03,1.04E+04,1.09E+04,1.14E+04,1.18E+04,1.18E+04
643,3.46E+03,3.46E+03,3.66E+03,9.02E+03,9.79E+03,1.02E+04,1.06E+04,1.10E+04,1.10E+04
644,3.41E+03,3.41E+03,3.61E+03,8.35E+03,8.80E+03,9.03E+03,9.22E+03,9.39E+03,9.39E+03
645,3.37E+03,3.37E+03,3.57E+03,7.47E+03,7.52E+03,7.49E+03,7.46E+03,7.42E+03,7.42E+03
646,3.33E+03,3.33E+03,3.53E+03,6.46E+03,6.12E+03,5.86E+03,5.63E+03,5.40E+03,5.40E+03
647,3.28E+03,3.28E+03,3.48E+03,5.40E+03,4.74E+03,4.33E+03,3.99E+03,3.66E+03,3.66E+03
648,3.24E+03,3.24E+03,3.44E+03,4.33E+03,3.46E+03,3.02E+03,2.67E+03,2.36E+03,2.36E+03
649,3.20E+03,3.20E+03,3.40E+03,3.28E+03,2.30E+03,1.93E+03,1.69E+03,1.50E+03,1.50E+03
650,3.15E+03,3.15E+03,3.35E+03,2.24E+03,1.22E+03,9.99E+02,9.33E+02,9.44E+02,9.44E+02
651,3.11E+03,3.11E+03,3.31E+03,1.18E+03,1.52E+02,1.47E+02,2.63E+02,4.67E+02,4.67E+02
652,3.06E+03,3.06E+03,3.26E+03,1.20E+02,1.20E+02,1.90E+02,4.12E+02,7.26E+02,7.26E+02
653,3.02E+03,3.02E+03,3.22E+03,1.20E+02,1.20E+02,1.83E+02,3.62E+02,6.29E+02,6.29E+02
654,2.98E+03,2.98E+03,3.17E+03,1.20E+02,1.20E+02,1.23E+02,1.20E+02,1.46E+02,1.46E+02
655,2.93E+03,2.93E+03,3.13E+03,1.20E+02,1.20E+02,1.20E+02,1.20E+02,1.20E+02,1.20E+02
656,2.89E+03,2.89E+03,3.08E+03,1.20E+02,1.20E+02,1.20E+02,1.20E+02,1.20E+02,1.20E+02
657,2.84E+03,2.84E+03,3.04E+03,1.20E+02,1.20E+02,1.20E+02,1.20E+02,1.20E+02,1.20E+02
658,2.80E+03,2.80E+03,3.00E+03,1.20E+02,1.20E+02,1.20E+02,1.20E+02,1.20E+02,1.20E+02
659,2.76E+03,2.76E+03,2.95E+03,1.20E+02,1.20E+02,1.20E+02,1.20E+02,1.20E+02,1.20E+02
660,2.72E+03,2.72E+03,2.91E+03,1.20E+02,1.20E+02,1.20E+02,1.20E+02,1.20E+02,1.20E+02
661,2.67E+03,2.67E+03,2.86E+03,1.20E+02,1.20E+02,1.20E+02,1.20E+02,1.20E+02,1.20E+02
662,2.63E+03,2.63E+03,2.82E+03,1.20E+02,1.20E+02,1.20E+02,1.20E+02,1.20E+02,1.20E+02
663,2.59E+03,2.59E+03,2.78E+03,1.20E+02,1.20E+02,1.20E+02,1.20E+02,1.20E+02,1.20E+02
664,2.55E+03,2.55E+03,2.74E+03,1.20E+02,1.20E+02,1.20E+02,1.20E+02,1.20E+02,1.20E+02
665,2.51E+03,2.51E+03,2.70E+03,1.20E+02,1.20E+02,1.20E+02,1.20E+02,1.20E+02,1.20E+02
666,2.48E+03,2.48E+03,2.66E+03,1.20E+02,1.20E+02,1.20E+02,1.20E+02,1.20E+02,1.20E+02
667,2.44E+03,2.44E+03,2.62E+03,1.20E+02,1.20E+02,1.20E+02,1.20E+02,1.20E+02,1.20E+02
668,2.40E+03,2.40E+03,2.58E+03,1.20E+02,1.20E+02,1.20E+02,1.20E+02,1.20E+02,1.20E+02
669,2.37E+03,2.37E+03,2.54E+03,1.20E+02,1.20E+02,1.20E+02,1.20E+02,1.20E+02,1.20E+02
670,2.33E+03,2.33E+03,2.51E+03,1.20E+02,1.20E+02,1.20E+02,1.20E+02,1.20E+02,1.20E+02
671,2.29E+03,2.29E+03,2.47E+03,1.20E+02,1.20E+02,1.20E+02,1.20E+02,1.20E+02,1.20E+02
672,2.25E+03,2.25E+03,2.43E+03,1.20E+02,1.20E+02,1.20E+02,1.20E+02,1.20E+02,1.20E+02
673,2.21E+03,2.21E+03,2.39E+03,1.20E+02,1.20E+02,1.20E+02,1.20E+02,1.20E+02,1.20E+02
674,2.17E+03,2.17E+03,2.34E+03,1.20E+02,1.20E+02,1.20E+02,1.20E+02,1.20E+02,1.20E+02
675,2.13E+03,2.13E+03,2.30E+03,1.20E+02,1.20E+02,1.20E+02,1.20E+02,1.20E+02,1.20E+02
676,2.08E+03,2.08E+03,2.25E+03,1.20E+02,1.20E+02,1.20E+02,1.20E+02,1.20E+02,1.20E+02
677,2.03E+03,2.03E+03,2.20E+03,2.80E+02,1.20E+02,1.20E+02,1.20E+02,1.20E+02,1.20E+02
678,1.98E+03,1.98E+03,2.14E+03,1.93E+03,1.20E+02,1.20E+02,1.20E+02,1.20E+02,1.20E+02
679,1.93E+03,1.93E+03,2.09E+03,3.43E+03,1.79E+03,1.20E+02,1.20E+02,1.20E+02,1.20E+02
680,1.88E+03,1.88E+03,2.04E+03,4.69E+03,4.34E+03,3.37E+03,1.95E+03,4.36E+02,4.36E+02
681,1.83E+03,1.83E+03,1.99E+03,5.62E+03,6.25E+03,6.34E+03,5.99E+03,5.57E+03,5.57E+03
682,1.79E+03,1.79E+03,1.95E+03,6.15E+03,7.36E+03,8.13E+03,8.50E+03,8.81E+03,8.81E+03
683,1.76E+03,1.76E+03,1.91E+03,6.25E+03,7.56E+03,8.55E+03,9.22E+03,9.85E+03,9.85E+03
684,1.75E+03,1.75E+03,1.90E+03,5.89E+03,6.77E+03,7.48E+03,7.95E+03,8.43E+03,8.43E+03
685,1.74E+03,1.74E+03,1.89E+03,5.05E+03,4.93E+03,4.81E+03,4.55E+03,4.36E+03,4.36E+03
686,1.75E+03,1.75E+03,1.90E+03,3.70E+03,1.97E+03,4.38E+02,1.20E+02,1.20E+02,1.20E+02
687,0.00E+00,0.00E+00,1.46E+02,1.32E+02,1.20E+02,1.20E+02,1.20E+02,1.20E+02,1.20E+02
688,0.00E+00,0.00E+00,1.44E+02,1.20E+02,1.20E+02,1.20E+02,1.20E+02,1.20E+02,1.20E+02
689,0.00E+00,0.00E+00,1.42E+02,1.20E+02,1.20E+02,1.20E+02,1.20E+02,1.20E+02,1.20E+02
690,0.00E+00,0.00E+00,1.40E+02,1.20E+02,1.20E+02,1.20E+02,1.20E+02,1.20E+02,1.20E+02
691,0.00E+00,0.00E+00,1.38E+02,1.20E+02,1.20E+02,1.20E+02,1.20E+02,1.20E+02,1.20E+02
692,0.00E+00,0.00E+00,1.36E+02,1.20E+02,1.20E+02,1.20E+02,1.20E+02,1.20E+02,1.20E+02
693,0.00E+00,0.00E+00,1.34E+02,1.20E+02,1.20E+02,1.20E+02,1.20E+02,1.20E+02,1.20E+02
694,0.00E+00,0.00E+00,1.31E+02,1.20E+02,1.20E+02,1.20E+02,1.20E+02,1.20E+02,1.20E+02
695,0.00E+00,0.00E+00,1.29E+02,1.20E+02,1.20E+02,1.20E+02,1.20E+02,1.20E+02,1.20E+02
696,0.00E+00,0.00E+00,1.27E+02,1.20E+02,1.20E+02,1.20E+02,1.20E+02,1.20E+02,1.20E+02
697,0.00E+00,0.00E+00,1.24E+02,1.20E+02,1.20E+02,1.20E+02,1.20E+02,1.20E+02,1.20E+02
698,0.00E+00,0.00E+00,1.22E+02,1.20E+02,1.20E+02,1.20E+02,1.20E+02,1.20E+02,1.20E+02
699,0.00E+00,0.00E+00,1.20E+02,1.20E+02,1.20E+02,1.20E+02,1.20E+02,1.20E+02,1.20E+02
700,0.00E+00,0.00E+00,1.20E+02,1.20E+02,1.20E+02,1.20E+02,1.20E+02,1.20E+02,1.20E+02
701,0.00E+00,0.00E+00,1.20E+02,1.20E+02,1.20E+02,1.20E+02,1.20E+02,1.20E+02,1.20E+02
702,0.00E+00,0.00E+00,1.20E+02,1.20E+02,1.20E+02,1.20E+02,1.20E+02,1.20E+02,1.20E+02
703,0.00E+00,0.00E+00,1.20E+02,1.20E+02,1.20E+02,1.20E+02,1.20E+02,1.20E+02,1.20E+02
704,0.00E+00,0.00E+00,1.20E+02,1.20E+02,1.20E+02,1.20E+02,1.20E+02,1.20E+02,1.20E+02
705,0.00E+00,0.00E+00,1.20E+02,1.20E+02,1.20E+02,1.20E+02,1.20E+02,1.20E+02,1.20E+02
706,0.00E+00,0.00E+00,1.20E+02,1.20E+02,1.20E+02,1.20E+02,1.20E+02,1.20E+02,1.20E+02
707,0.00E+00,0.00E+00,1.20E+02,1.20E+02,1.20E+02,1.20E+02,1.20E+02,1.20E+02,1.20E+02
708,0.00E+00,0.00E+00,1.20E+02,1.20E+02,1.20E+02,1.20E+02,1.20E+02,1.20E+02,1.20E+02
709,0.00E+00,0.00E+00,1.20E+02,1.20E+02,1.20E+02,1.20E+02,1.20E+02,1.20E+02,1.20E+02
710,0.00E+00,0.00E+00,1.20E+02,1.20E+02,1.20E+02,1.20E+02,1.20E+02,1.20E+02,1.20E+02
711,0.00E+00,0.00E+00,1.20E+02,1.20E+02,1.20E+02,1.20E+02,1.20E+02,1.20E+02,1.20E+02
712,0.00E+00,0.00E+00,1.20E+02,1.20E+02,1.20E+02,1.20E+02,1.20E+02,1.20E+02,1.20E+02
713,0.00E+00,0.00E+00,1.20E+02,1.20E+02,1.20E+02,1.20E+02,1.20E+02,1.20E+02,1.20E+02
714,0.00E+00,0.00E+00,1.20E+02,1.20E+02,1.20E+02,1.20E+02,1.20E+02,1.20E+02,1.20E+02
715,0.00E+00,0.00E+00,1.20E+02,1.20E+02,1.20E+02,1.20E+02,1.20E+02,1.20E+02,1.20E+02
716,0.00E+00,0.00E+00,1.20E+02,1.20E+02,1.20E+02,1.20E+02,1.20E+02,1.20E+02,1.20E+02
717,0.00E+00,0.00E+00,1.20E+02,1.20E+02,1.20E+02,1.20E+02,1.20E+02,1.20E+02,1.20E+02
718,0.00E+00,0.00E+00,1.20E+02,1.20E+02,1.20E+02,1.20E+02,1.20E+02,1.20E+02,1.20E+02
719,0.00E+00,0.00E+00,1.20E+02,1.20E+02,1.20E+02,1.20E+02,1.20E+02,1.20E+02,1.20E+02
720,0.00E+00,0.00E+00,1.20E+02,1.20E+02,1.20E+02,1.20E+02,1.20E+02,1.20E+02,1.20E+02
721,0.00E+00,0.00E+00,1.20E+02,1.20E+02,1.20E+02,1.20E+02,1.20E+02,1.20E+02,1.20E+02
722,0.00E+00,0.00E+00,1.20E+02,1.20E+02,1.20E+02,1.20E+02,1.20E+02,1.20E+02,1.20E+02
723,0.00E+00,0.00E+00,1.20E+02,1.20E+02,1.20E+02,1.20E+02,1.20E+02,1.20E+02,1.20E+02
724,0.00E+00,0.00E+00,1.20E+02,1.20E+02,1.20E+02,1.20E+02,1.20E+02,1.20E+02,1.20E+02
725,0.00E+00,0.00E+00,1.20E+02,1.20E+02,1.20E+02,1.20E+02,1.20E+02,1.20E+02,1.20E+02
726,0.00E+00,0.00E+00,1.20E+02,2.46E+02,1.20E+02,1.20E+02,1.20E+02,1.20E+02,1.20E+02
727,0.00E+00,0.00E+00,1.20E+02,1.35E+03,1.20E+02,1.20E+02,1.20E+02,1.20E+02,1.20E+02
728,0.00E+00,0.00E+00,1.20E+02,2.34E+03,8.95E+02,1.20E+02,1.20E+02,1.20E+02,1.20E+02
729,0.00E+00,0.00E+00,1.20E+02,3.25E+03,2.73E+03,1.42E+03,1.20E+02,1.20E+02,1.20E+02
730,0.00E+00,0.00E+00,1.20E+02,4.03E+03,4.29E+03,3.74E+03,2.74E+03,1.42E+03,1.42E+03
731,0.00E+00,0.00E+00,1.20E+02,4.66E+03,5.50E+03,5.54E+03,5.10E+03,4.29E+03,4.29E+03
732,0.00E+00,0.00E+00,1.20E+02,5.06E+03,6.26E+03,6.69E+03,6.61E+03,6.14E+03,6.14E+03
733,0.00E+00,0.00E+00,1.20E+02,5.19E+03,6.50E+03,7.07E+03,7.14E+03,6.80E+03,6.80E+03
734,0.00E+00,0.00E+00,1.20E+02,5.03E+03,6.18E+03,6.66E+03,6.64E+03,6.23E+03,6.23E+03
735,0.00E+00,0.00E+00,1.20E+02,4.59E+03,5.35E+03,5.51E+03,5.22E+03,4.53E+03,4.53E+03
736,0.00E+00,0.00E+00,1.20E+02,3.94E+03,4.15E+03,3.85E+03,3.12E+03,2.06E+03,2.06E+03
737,0.00E+00,0.00E+00,1.20E+02,3.18E+03,2.78E+03,1.94E+03,7.46E+02,1.20E+02,1.20E+02
738,0.00E+00,0.00E+00,1.20E+02,2.42E+03,1.44E+03,1.20E+02,1.20E+02,1.20E+02,1.20E+02
739,0.00E+00,0.00E+00,1.20E+02,1.75E+03,3.09E+02,1.20E+02,1.20E+02,1.20E+02,1.20E+02
740,0.00E+00,0.00E+00,1.20E+02,1.22E+03,1.20E+02,1.20E+02,1.20E+02,1.20E+02,1.20E+02
741,0.00E+00,0.00E+00,1.20E+02,8.62E+02,1.20E+02,1.20E+02,1.20E+02,1.20E+02,1.20E+02
742,0.00E+00,0.00E+00,1.20E+02,6.51E+02,1.20E+02,1.20E+02,1.20E+02,1.20E+02,1.20E+02
743,0.00E+00,0.00E+00,1.20E+02,5.48E+02,1.20E+02,1.20E+02,1.20E+02,1.20E+02,1.20E+02
744,0.00E+00,0.00E+00,1.20E+02,5.07E+02,1.20E+02,1.20E+02,1.20E+02,1.20E+02,1.20E+02
745,0.00E+00,0.00E+00,1.20E+02,4.90E+02,1.20E+02,1.20E+02,1.20E+02,1.20E+02,1.20E+02
746,0.00E+00,0.00E+00,1.20E+02,4.83E+02,1.20E+02,1.20E+02,1.20E+02,1.20E+02,1.20E+02
747,0.00E+00,0.00E+00,1.20E+02,4.88E+02,1.20E+02,1.20E+02,1.20E+02,1.20E+02,1.20E+02
748,0.00E+00,0.00E+00,1.20E+02,5.17E+02,2.05E+02,1.20E+02,1.20E+02,1.20E+02,1.20E+02
749,0.00E+00,0.00E+00,1.20E+02,5.80E+02,5.58E+02,3.39E+02,1.20E+02,1.20E+02,1.20E+02
750,0.00E+00,0.00E+00,1.20E+02,7.23E+02,1.01E+03,1.09E+03,1.08E+03,1.10E+03,1.10E+03
751,0.00E+00,0.00E+00,1.20E+02,9.43E+02,1.58E+03,1.97E+03,2.27E+03,2.57E+03,2.57E+03
752,0.00E+00,0.00E+00,1.20E+02,1.22E+03,2.24E+03,2.99E+03,3.62E+03,4.22E+03,4.22E+03
753,0.00E+00,0.00E+00,1.20E+02,1.57E+03,3.02E+03,4.16E+03,5.16E+03,6.10E+03,6.10E+03
754,0.00E+00,0.00E+00,1.20E+02,1.99E+03,3.91E+03,5.50E+03,6.90E+03,8.21E+03,8.21E+03
755,0.00E+00,0.00E+00,1.20E+02,2.45E+03,4.89E+03,6.94E+03,8.78E+03,1.05E+04,1.05E+04
756,0.00E+00,0.00E+00,1.20E+02,2.93E+03,5.89E+03,8.42E+03,1.07E+04,1.28E+04,1.28E+04
757,0.00E+00,0.00E+00,1.20E+02,3.40E+03,6.85E+03,9.83E+03,1.25E+04,1.50E+04,1.50E+04
758,0.00E+00,0.00E+00,1.20E+02,3.84E+03,7.72E+03,1.11E+04,1.42E+04,1.70E+04,1.70E+04
759,0.00E+00,0.00E+00,1.20E+02,4.22E+03,8.49E+03,1.22E+04,1.56E+04,1.87E+04,1.87E+04
760,0.00E+00,0.00E+00,1.20E+02,4.56E+03,9.15E+03,1.32E+04,1.69E+04,2.02E+04,2.02E+04
761,0.00E+00,0.00E+00,1.20E+02,4.85E+03,9.72E+03,1.40E+04,1.79E+04,2.15E+04,2.15E+04
762,0.00E+00,0.00E+00,1.20E+02,5.08E+03,1.02E+04,1.47E+04,1.88E+04,2.26E+04,2.26E+04
763,0.00E+00,0.00E+00,1.20E+02,5.24E+03,1.05E+04,1.52E+04,1.94E+04,2.33E+04,2.33E+04
764,0.00E+00,0.00E+00,1.20E+02,5.30E+03,1.06E+04,1.54E+04,1.97E+04,2.37E+04,2.37E+04
765,0.00E+00,0.00E+00,1.20E+02,5.24E+03,1.05E+04,1.52E+04,1.95E+04,2.35E+04,2.35E+04
766,0.00E+00,0.00E+00,1.20E+02,5.02E+03,1.01E+04,1.46E+04,1.88E+04,2.27E+04,2.27E+04
767,0.00E+00,0.00E+00,1.20E+02,4.66E+03,9.38E+03,1.37E+04,1.76E+04,2.13E+04,2.13E+04
768,0.00E+00,0.00E+00,1.20E+02,4.18E+03,8.46E+03,1.24E+04,1.59E+04,1.93E+04,1.93E+04
769,0.00E+00,0.00E+00,1.20E+02,3.64E+03,7.41E+03,1.09E+04,1.40E+04,1.70E+04,1.70E+04
770,0.00E+00,0.00E+00,1.20E+02,3.09E+03,6.34E+03,9.32E+03,1.21E+04,1.47E+04,1.47E+04
771,0.00E+00,0.00E+00,1.20E+02,2.59E+03,5.35E+03,7.90E+03,1.03E+04,1.25E+04,1.25E+04
772,0.00E+00,0.00E+00,1.20E+02,2.17E+03,4.50E+03,6.66E+03,8.71E+03,1.07E+04,1.07E+04
773,0.00E+00,0.00E+00,1.20E+02,1.83E+03,3.80E+03,5.65E+03,7.41E+03,9.10E+03,9.10E+03
774,0.00E+00,0.00E+00,1.20E+02,1.57E+03,3.24E+03,4.83E+03,6.36E+03,7.84E+03,7.84E+03
775,0.00E+00,0.00E+00,1.20E+02,1.36E+03,2.77E+03,4.12E+03,5.44E+03,6.73E+03,6.73E+03
776,0.00E+00,0.00E+00,1.20E+02,1.15E+03,2.30E+03,3.42E+03,4.52E+03,5.62E+03,5.62E+03
777,0.00E+00,0.00E+00,1.20E+02,9.15E+02,1.75E+03,2.59E+03,3.45E+03,4.30E+03,4.30E+03
778,0.00E+00,0.00E+00,1.20E+02,6.09E+02,1.07E+03,1.56E+03,2.09E+03,2.64E+03,2.64E+03
779,0.00E+00,0.00E+00,1.20E+02,2.18E+02,2.14E+02,2.78E+02,3.99E+02,5.50E+02,5.50E+02
780,0.00E+00,0.00E+00,1.20E+02,1.20E+02,1.20E+02,1.20E+02,1.20E+02,1.20E+02,1.20E+02
781,0.00E+00,0.00E+00,1.20E+02,1.20E+02,1.20E+02,1.20E+02,1.20E+02,1.20E+02,1.20E+02
782,0.00E+00,0.00E+00,1.20E+02,1.20E+02,1.20E+02,1.20E+02,1.20E+02,1.20E+02,1.20E+02
783,0.00E+00,0.00E+00,1.20E+02,1.20E+02,1.20E+02,1.20E+02,1.20E+02,1.20E+02,1.20E+02
784,0.00E+00,0.00E+00,1.20E+02,1.20E+02,1.20E+02,1.20E+02,1.20E+02,1.20E+02,1.20E+02
785,0.00E+00,0.00E+00,1.20E+02,1.20E+02,1.20E+02,1.20E+02,1.20E+02,1.20E+02,1.20E+02
786,0.00E+00,0.00E+00,1.20E+02,1.20E+02,1.20E+02,1.20E+02,1.20E+02,1.20E+02,1.20E+02
787,0.00E+00,0.00E+00,1.20E+02,1.20E+02,1.20E+02,1.20E+02,1.20E+02,1.20E+02,1.20E+02
788,0.00E+00,0.00E+00,1.20E+02,1.20E+02,1.20E+02,1.20E+02,1.20E+02,1.20E+02,1.20E+02
789,0.00E+00,0.00E+00,1.20E+02,1.20E+02,1.20E+02,1.20E+02,1.20E+02,1.20E+02,1.20E+02
790,0.00E+00,0.00E+00,1.20E+02,1.20E+02,1.20E+02,1.20E+02,1.20E+02,1.20E+02,1.20E+02
791,0.00E+00,0.00E+00,1.20E+02,1.20E+02,1.20E+02,1.20E+02,1.20E+02,1.20E+02,1.20E+02
792,0.00E+00,0.00E+00,1.20E+02,1.20E+02,1.20E+02,1.20E+02,1.20E+02,1.20E+02,1.20E+02
793,0.00E+00,0.00E+00,1.20E+02,1.20E+02,1.20E+02,1.20E+02,1.20E+02,1.20E+02,1.20E+02
794,0.00E+00,0.00E+00,1.20E+02,1.20E+02,1.20E+02,1.20E+02,1.20E+02,1.20E+02,1.20E+02
795,0.00E+00,0.00E+00,1.20E+02,1.20E+02,1.20E+02,1.20E+02,1.20E+02,1.20E+02,1.20E+02
796,0.00E+00,0.00E+00,1.20E+02,1.75E+02,1.20E+02,1.20E+02,1.20E+02,1.51E+02,1.51E+02
797,0.00E+00,0.00E+00,1.20E+02,1.55E+02,1.20E+02,1.20E+02,1.47E+02,2.58E+02,2.58E+02
798,0.00E+00,0.00E+00,1.20E+02,1.20E+02,1.20E+02,1.20E+02,1.21E+02,1.75E+02,1.75E+02
799,0.00E+00,0.00E+00,1.20E+02,1.20E+02,1.20E+02,1.20E+02,1.20E+02,1.20E+02,1.20E+02
800,0.00E+00,0.00E+00,1.20E+02,1.20E+02,1.20E+02,1.20E+02,1.20E+02,1.20E+02,1.20E+02
801,0.00E+00,0.00E+00,1.20E+02,1.20E+02,1.20E+02,1.20E+02,1.20E+02,1.20E+02,1.20E+02
802,0.00E+00,0.00E+00,1.20E+02,1.20E+02,1.20E+02,1.20E+02,1.20E+02,1.20E+02,1.20E+02
803,0.00E+00,0.00E+00,1.20E+02,1.20E+02,1.20E+02,1.20E+02,1.20E+02,1.20E+02,1.20E+02
804,0.00E+00,0.00E+00,1.20E+02,1.20E+02,1.20E+02,1.20E+02,1.20E+02,1.20E+02,1.20E+02
805,0.00E+00,0.00E+00,1.20E+02,1.20E+02,1.20E+02,1.20E+02,1.20E+02,1.20E+02,1.20E+02
806,0.00E+00,0.00E+00,1.20E+02,1.20E+02,1.20E+02,1.20E+02,1.20E+02,1.20E+02,1.20E+02
807,0.00E+00,0.00E+00,1.20E+02,1.49E+02,1.20E+02,1.20E+02,1.20E+02,1.20E+02,1.20E+02
808,0.00E+00,0.00E+00,1.20E+02,7.71E+02,1.43E+03,1.95E+03,2.37E+03,2.71E+03,2.71E+03
809,0.00E+00,0.00E+00,1.20E+02,1.57E+03,2.97E+03,4.21E+03,5.31E+03,6.31E+03,6.31E+03
810,0.00E+00,0.00E+00,1.20E+02,2.26E+03,4.30E+03,6.14E+03,7.84E+03,9.41E+03,9.41E+03
811,0.00E+00,0.00E+00,1.20E+02,2.63E+03,5.00E+03,7.17E+03,9.20E+03,1.11E+04,1.11E+04
812,0.00E+00,0.00E+00,1.20E+02,2.48E+03,4.69E+03,6.74E+03,8.67E+03,1.05E+04,1.05E+04
813,0.00E+00,0.00E+00,1.20E+02,1.66E+03,3.10E+03,4.44E+03,5.70E+03,6.90E+03,6.90E+03
814,0.00E+00,0.00E+00,1.20E+02,1.20E+02,1.20E+02,1.20E+02,1.20E+02,1.20E+02,1.20E+02
815,0.00E+00,0.00E+00,0.00E+00,0.00E+00,0.00E+00,0.00E+00,0.00E+00,0.00E+00,0.00E+00
816,0.00E+00,0.00E+00,0.00E+00,0.00E+00,0.00E+00,0.00E+00,0.00E+00,0.00E+00,0.00E+00
817,0.00E+00,0.00E+00,0.00E+00,0.00E+00,0.00E+00,0.00E+00,0.00E+00,0.00E+00,0.00E+00
818,0.00E+00,0.00E+00,0.00E+00,0.00E+00,0.00E+00,0.00E+00,0.00E+00,0.00E+00,0.00E+00
819,0.00E+00,0.00E+00,0.00E+00,0.00E+00,0.00E+00,0.00E+00,0.00E+00,0.00E+00,0.00E+00
820,0.00E+00,0.00E+00,0.00E+00,0.00E+00,0.00E+00,0.00E+00,0.00E+00,0.00E+00,0.00E+00
821,0.00E+00,0.00E+00,0.00E+00,0.00E+00,0.00E+00,0.00E+00,0.00E+00,0.00E+00,0.00E+00
822,0.00E+00,0.00E+00,0.00E+00,0.00E+00,0.00E+00,0.00E+00,0.00E+00,0.00E+00,0.00E+00
823,0.00E+00,0.00E+00,0.00E+00,0.00E+00,0.00E+00,0.00E+00,0.00E+00,0.00E+00,0.00E+00
824,0.00E+00,0.00E+00,0.00E+00,0.00E+00,0.00E+00,0.00E+00,0.00E+00,0.00E+00,0.00E+00
825,0.00E+00,0.00E+00,0.00E+00,0.00E+00,0.00E+00,0.00E+00,0.00E+00,0.00E+00,0.00E+00
826,0.00E+00,0.00E+00,0.00E+00,0.00E+00,0.00E+00,0.00E+00,0.00E+00,0.00E+00,0.00E+00
827,0.00E+00,0.00E+00,0.00E+00,0.00E+00,0.00E+00,0.00E+00,0.00E+00,0.00E+00,0.00E+00
828,0.00E+00,0.00E+00,0.00E+00,0.00E+00,0.00E+00,0.00E+00,0.00E+00,0.00E+00,0.00E+00
829,0.00E+00,0.00E+00,0.00E+00,0.00E+00,0.00E+00,0.00E+00,0.00E+00,0.00E+00,0.00E+00
830,0.00E+00,0.00E+00,0.00E+00,0.00E+00,0.00E+00,0.00E+00,0.00E+00,0.00E+00,0.00E+00
831,0.00E+00,0.00E+00,0.00E+00,0.00E+00,0.00E+00,0.00E+00,0.00E+00,0.00E+00,0.00E+00
832,0.00E+00,0.00E+00,0.00E+00,0.00E+00,0.00E+00,0.00E+00,0.00E+00,0.00E+00,0.00E+00
833,0.00E+00,0.00E+00,0.00E+00,0.00E+00,0.00E+00,0.00E+00,0.00E+00,0.00E+00,0.00E+00
834,0.00E+00,0.00E+00,0.00E+00,0.00E+00,0.00E+00,0.00E+00,0.00E+00,0.00E+00,0.00E+00
835,0.00E+00,0.00E+00,0.00E+00,0.00E+00,0.00E+00,0.00E+00,0.00E+00,0.00E+00,0.00E+00
836,0.00E+00,0.00E+00,0.00E+00,0.00E+00,0.00E+00,0.00E+00,0.00E+00,0.00E+00,0.00E+00
837,0.00E+00,0.00E+00,0.00E+00,0.00E+00,0.00E+00,0.00E+00,0.00E+00,0.00E+00,0.00E+00
838,0.00E+00,0.00E+00,0.00E+00,0.00E+00,0.00E+00,0.00E+00,0.00E+00,0.00E+00,0.00E+00
839,0.00E+00,0.00E+00,0.00E+00,0.00E+00,0.00E+00,0.00E+00,0.00E+00,0.00E+00,0.00E+00
840,0.00E+00,0.00E+00,0.00E+00,0.00E+00,0.00E+00,0.00E+00,0.00E+00,0.00E+00,0.00E+00
841,0.00E+00,0.00E+00,0.00E+00,0.00E+00,0.00E+00,0.00E+00,0.00E+00,0.00E+00,0.00E+00
842,0.00E+00,0.00E+00,0.00E+00,0.00E+00,0.00E+00,0.00E+00,0.00E+00,0.00E+00,0.00E+00
843,0.00E+00,0.00E+00,0.00E+00,0.00E+00,0.00E+00,0.00E+00,0.00E+00,0.00E+00,0.00E+00
844,0.00E+00,0.00E+00,0.00E+00,0.00E+00,0.00E+00,0.00E+00,0.00E+00,0.00E+00,0.00E+00
845,0.00E+00,0.00E+00,0.00E+00,0.00E+00,0.00E+00,0.00E+00,0.00E+00,0.00E+00,0.00E+00
846,0.00E+00,0.00E+00,0.00E+00,0.00E+00,0.00E+00,0.00E+00,0.00E+00,0.00E+00,0.00E+00
847,0.00E+00,0.00E+00,0.00E+00,0.00E+00,0.00E+00,0.00E+00,0.00E+00,0.00E+00,0.00E+00
848,0.00E+00,0.00E+00,0.00E+00,0.00E+00,0.00E+00,0.00E+00,0.00E+00,0.00E+00,0.00E+00
849,0.00E+00,0.00E+00,0.00E+00,0.00E+00,0.00E+00,0.00E+00,0.00E+00,0.00E+00,0.00E+00
850,0.00E+00,0.00E+00,0.00E+00,0.00E+00,0.00E+00,0.00E+00,0.00E+00,0.00E+00,0.00E+00
851,0.00E+00,0.00E+00,0.00E+00,0.00E+00,0.00E+00,0.00E+00,0.00E+00,0.00E+00,0.00E+00
852,0.00E+00,0.00E+00,0.00E+00,0.00E+00,0.00E+00,0.00E+00,0.00E+00,0.00E+00,0.00E+00
853,0.00E+00,0.00E+00,0.00E+00,0.00E+00,0.00E+00,0.00E+00,0.00E+00,0.00E+00,0.00E+00
854,0.00E+00,0.00E+00,0.00E+00,0.00E+00,0.00E+00,0.00E+00,0.00E+00,0.00E+00,0.00E+00
855,0.00E+00,0.00E+00,0.00E+00,0.00E+00,0.00E+00,0.00E+00,0.00E+00,0.00E+00,0.00E+00
856,0.00E+00,0.00E+00,0.00E+00,0.00E+00,0.00E+00,0.00E+00,0.00E+00,0.00E+00,0.00E+00
857,0.00E+00,0.00E+00,0.00E+00,0.00E+00,0.00E+00,0.00E+00,0.00E+00,0.00E+00,0.00E+00
858,0.00E+00,0.00E+00,0.00E+00,0.00E+00,0.00E+00,0.00E+00,0.00E+00,0.00E+00,0.00E+00
859,0.00E+00,0.00E+00,0.00E+00,0.00E+00,0.00E+00,0.00E+00,0.00E+00,0.00E+00,0.00E+00
860,0.00E+00,0.00E+00,0.00E+00,0.00E+00,0.00E+00,0.00E+00,0.00E+00,0.00E+00,0.00E+00
861,0.00E+00,0.00E+00,0.00E+00,0.00E+00,0.00E+00,0.00E+00,0.00E+00,0.00E+00,0.00E+00
862,0.00E+00,0.00E+00,0.00E+00,0.00E+00,0.00E+00,0.00E+00,0.00E+00,0.00E+00,0.00E+00
863,0.00E+00,0.00E+00,0.00E+00,0.00E+00,0.00E+00,0.00E+00,0.00E+00,0.00E+00,0.00E+00
864,0.00E+00,0.00E+00,0.00E+00,0.00E+00,0.00E+00,0.00E+00,0.00E+00,0.00E+00,0.00E+00
865,0.00E+00,0.00E+00,0.00E+00,0.00E+00,0.00E+00,0.00E+00,0.00E+00,0.00E+00,0.00E+00
866,0.00E+00,0.00E+00,0.00E+00,0.00E+00,0.00E+00,0.00E+00,0.00E+00,0.00E+00,0.00E+00
867,0.00E+00,0.00E+00,0.00E+00,0.00E+00,0.00E+00,0.00E+00,0.00E+00,0.00E+00,0.00E+00
868,0.00E+00,0.00E+00,0.00E+00,0.00E+00,0.00E+00,0.00E+00,0.00E+00,0.00E+00,0.00E+00
869,0.00E+00,0.00E+00,0.00E+00,0.00E+00,0.00E+00,0.00E+00,0.00E+00,0.00E+00,0.00E+00
870,0.00E+00,0.00E+00,0.00E+00,0.00E+00,0.00E+00,0.00E+00,0.00E+00,0.00E+00,0.00E+00
871,0.00E+00,0.00E+00,0.00E+00,0.00E+00,0.00E+00,0.00E+00,0.00E+00,0.00E+00,0.00E+00
872,0.00E+00,0.00E+00,0.00E+00,0.00E+00,0.00E+00,0.00E+00,0.00E+00,0.00E+00,0.00E+00
873,0.00E+00,0.00E+00,0.00E+00,0.00E+00,0.00E+00,0.00E+00,0.00E+00,0.00E+00,0.00E+00
874,0.00E+00,0.00E+00,0.00E+00,0.00E+00,0.00E+00,0.00E+00,0.00E+00,0.00E+00,0.00E+00
875,0.00E+00,0.00E+00,0.00E+00,0.00E+00,0.00E+00,0.00E+00,0.00E+00,0.00E+00,0.00E+00
876,0.00E+00,0.00E+00,0.00E+00,0.00E+00,0.00E+00,0.00E+00,0.00E+00,0.00E+00,0.00E+00
877,0.00E+00,0.00E+00,0.00E+00,0.00E+00,0.00E+00,0.00E+00,0.00E+00,0.00E+00,0.00E+00
878,0.00E+00,0.00E+00,0.00E+00,0.00E+00,0.00E+00,0.00E+00,0.00E+00,0.00E+00,0.00E+00
879,0.00E+00,0.00E+00,0.00E+00,0.00E+00,0.00E+00,0.00E+00,0.00E+00,0.00E+00,0.00E+00
880,0.00E+00,0.00E+00,0.00E+00,0.00E+00,0.00E+00,0.00E+00,0.00E+00,0.00E+00,0.00E+00
881,0.00E+00,0.00E+00,0.00E+00,0.00E+00,0.00E+00,0.00E+00,0.00E+00,0.00E+00,0.00E+00
882,0.00E+00,0.00E+00,0.00E+00,0.00E+00,0.00E+00,0.00E+00,0.00E+00,0.00E+00,0.00E+00
883,0.00E+00,0.00E+00,0.00E+00,0.00E+00,0.00E+00,0.00E+00,0.00E+00,0.00E+00,0.00E+00
884,0.00E+00,0.00E+00,0.00E+00,0.00E+00,0.00E+00,0.00E+00,0.00E+00,0.00E+00,0.00E+00
885,0.00E+00,0.00E+00,0.00E+00,0.00E+00,0.00E+00,0.00E+00,0.00E+00,0.00E+00,0.00E+00
886,0.00E+00,0.00E+00,0.00E+00,0.00E+00,0.00E+00,0.00E+00,0.00E+00,0.00E+00,0.00E+00
887,0.00E+00,0.00E+00,0.00E+00,0.00E+00,0.00E+00,0.00E+00,0.00E+00,0.00E+00,0.00E+00
888,0.00E+00,0.00E+00,0.00E+00,0.00E+00,0.00E+00,0.00E+00,0.00E+00,0.00E+00,0.00E+00
889,0.00E+00,0.00E+00,0.00E+00,0.00E+00,0.00E+00,0.00E+00,0.00E+00,0.00E+00,0.00E+00
890,0.00E+00,0.00E+00,0.00E+00,0.00E+00,0.00E+00,0.00E+00,0.00E+00,0.00E+00,0.00E+00
891,0.00E+00,0.00E+00,0.00E+00,0.00E+00,0.00E+00,0.00E+00,0.00E+00,0.00E+00,0.00E+00
892,0.00E+00,0.00E+00,0.00E+00,0.00E+00,0.00E+00,0.00E+00,0.00E+00,0.00E+00,0.00E+00
893,0.00E+00,0.00E+00,0.00E+00,0.00E+00,0.00E+00,0.00E+00,0.00E+00,0.00E+00,0.00E+00
894,0.00E+00,0.00E+00,0.00E+00,0.00E+00,0.00E+00,0.00E+00,0.00E+00,0.00E+00,0.00E+00
895,0.00E+00,0.00E+00,0.00E+00,0.00E+00,0.00E+00,0.00E+00,0.00E+00,0.00E+00,0.00E+00
896,0.00E+00,0.00E+00,0.00E+00,0.00E+00,0.00E+00,0.00E+00,0.00E+00,0.00E+00,0.00E+00
897,0.00E+00,0.00E+00,0.00E+00,0.00E+00,0.00E+00,0.00E+00,0.00E+00,0.00E+00,0.00E+00
898,0.00E+00,0.00E+00,0.00E+00,0.00E+00,0.00E+00,0.00E+00,0.00E+00,0.00E+00,0.00E+00
899,0.00E+00,0.00E+00,0.00E+00,0.00E+00,0.00E+00,0.00E+00,0.00E+00,0.00E+00,0.00E+00
900,0.00E+00,0.00E+00,0.00E+00,0.00E+00,0.00E+00,0.00E+00,0.00E+00,0.00E+00,0.00E+00
901,0.00E+00,0.00E+00,0.00E+00,0.00E+00,0.00E+00,0.00E+00,0.00E+00,0.00E+00,0.00E+00
902,0.00E+00,0.00E+00,0.00E+00,0.00E+00,0.00E+00,0.00E+00,0.00E+00,0.00E+00,0.00E+00
903,0.00E+00,0.00E+00,0.00E+00,0.00E+00,0.00E+00,0.00E+00,0.00E+00,0.00E+00,0.00E+00
904,0.00E+00,0.00E+00,0.00E+00,0.00E+00,0.00E+00,0.00E+00,0.00E+00,0.00E+00,0.00E+00
905,0.00E+00,0.00E+00,0.00E+00,0.00E+00,0.00E+00,0.00E+00,0.00E+00,0.00E+00,0.00E+00
906,0.00E+00,0.00E+00,0.00E+00,0.00E+00,0.00E+00,0.00E+00,0.00E+00,0.00E+00,0.00E+00
907,0.00E+00,0.00E+00,0.00E+00,0.00E+00,0.00E+00,0.00E+00,0.00E+00,0.00E+00,0.00E+00
908,0.00E+00,0.00E+00,0.00E+00,0.00E+00,0.00E+00,0.00E+00,0.00E+00,0.00E+00,0.00E+00
909,0.00E+00,0.00E+00,0.00E+00,0.00E+00,0.00E+00,0.00E+00,0.00E+00,0.00E+00,0.00E+00
910,0.00E+00,0.00E+00,0.00E+00,0.00E+00,0.00E+00,0.00E+00,0.00E+00,0.00E+00,0.00E+00
911,0.00E+00,0.00E+00,0.00E+00,0.00E+00,0.00E+00,0.00E+00,0.00E+00,0.00E+00,0.00E+00
912,0.00E+00,0.00E+00,0.00E+00,0.00E+00,0.00E+00,0.00E+00,0.00E+00,0.00E+00,0.00E+00
913,0.00E+00,0.00E+00,0.00E+00,0.00E+00,0.00E+00,0.00E+00,0.00E+00,0.00E+00,0.00E+00
914,0.00E+00,0.00E+00,0.00E+00,0.00E+00,0.00E+00,0.00E+00,0.00E+00,0.00E+00,0.00E+00
915,0.00E+00,0.00E+00,0.00E+00,0.00E+00,0.00E+00,0.00E+00,0.00E+00,0.00E+00,0.00E+00
916,0.00E+00,0.00E+00,0.00E+00,0.00E+00,0.00E+00,0.00E+00,0.00E+00,0.00E+00,0.00E+00
917,0.00E+00,0.00E+00,0.00E+00,0.00E+00,0.00E+00,0.00E+00,0.00E+00,0.00E+00,0.00E+00
918,0.00E+00,0.00E+00,0.00E+00,0.00E+00,0.00E+00,0.00E+00,0.00E+00,0.00E+00,0.00E+00
919,0.00E+00,0.00E+00,0.00E+00,0.00E+00,0.00E+00,0.00E+00,0.00E+00,0.00E+00,0.00E+00
920,0.00E+00,0.00E+00,0.00E+00,0.00E+00,0.00E+00,0.00E+00,0.00E+00,0.00E+00,0.00E+00
921,0.00E+00,0.00E+00,0.00E+00,0.00E+00,0.00E+00,0.00E+00,0.00E+00,0.00E+00,0.00E+00
922,0.00E+00,0.00E+00,0.00E+00,0.00E+00,0.00E+00,0.00E+00,0.00E+00,0.00E+00,0.00E+00
923,0.00E+00,0.00E+00,0.00E+00,0.00E+00,0.00E+00,0.00E+00,0.00E+00,0.00E+00,0.00E+00
924,0.00E+00,0.00E+00,0.00E+00,0.00E+00,0.00E+00,0.00E+00,0.00E+00,0.00E+00,0.00E+00
925,0.00E+00,0.00E+00,0.00E+00,0.00E+00,0.00E+00,0.00E+00,0.00E+00,0.00E+00,0.00E+00
926,0.00E+00,0.00E+00,0.00E+00,0.00E+00,0.00E+00,0.00E+00,0.00E+00,0.00E+00,0.00E+00
927,0.00E+00,0.00E+00,0.00E+00,0.00E+00,0.00E+00,0.00E+00,0.00E+00,0.00E+00,0.00E+00
928,0.00E+00,0.00E+00,0.00E+00,0.00E+00,0.00E+00,0.00E+00,0.00E+00,0.00E+00,0.00E+00
929,0.00E+00,0.00E+00,0.00E+00,0.00E+00,0.00E+00,0.00E+00,0.00E+00,0.00E+00,0.00E+00
930,0.00E+00,0.00E+00,0.00E+00,0.00E+00,0.00E+00,0.00E+00,0.00E+00,0.00E+00,0.00E+00
931,0.00E+00,0.00E+00,0.00E+00,0.00E+00,0.00E+00,0.00E+00,0.00E+00,0.00E+00,0.00E+00
932,0.00E+00,0.00E+00,0.00E+00,0.00E+00,0.00E+00,0.00E+00,0.00E+00,0.00E+00,0.00E+00
933,0.00E+00,0.00E+00,0.00E+00,0.00E+00,0.00E+00,0.00E+00,0.00E+00,0.00E+00,0.00E+00
934,0.00E+00,0.00E+00,0.00E+00,0.00E+00,0.00E+00,0.00E+00,0.00E+00,0.00E+00,0.00E+00
935,0.00E+00,0.00E+00,0.00E+00,0.00E+00,0.00E+00,0.00E+00,0.00E+00,0.00E+00,0.00E+00
936,0.00E+00,0.00E+00,0.00E+00,0.00E+00,0.00E+00,0.00E+00,0.00E+00,0.00E+00,0.00E+00
937,0.00E+00,0.00E+00,0.00E+00,0.00E+00,0.00E+00,0.00E+00,0.00E+00,0.00E+00,0.00E+00
938,0.00E+00,0.00E+00,0.00E+00,0.00E+00,0.00E+00,0.00E+00,0.00E+00,0.00E+00,0.00E+00
939,0.00E+00,0.00E+00,0.00E+00,0.00E+00,0.00E+00,0.00E+00,0.00E+00,0.00E+00,0.00E+00
940,0.00E+00,0.00E+00,0.00E+00,0.00E+00,0.00E+00,0.00E+00,0.00E+00,0.00E+00,0.00E+00
941,0.00E+00,0.00E+00,0.00E+00,0.00E+00,0.00E+00,0.00E+00,0.00E+00,0.00E+00,0.00E+00